Long,Lat,UTM_X(East),UTM_Y(North)
126.3146952,33.3054524,249981.329207276,3688368.798899
126.3146954,33.3054522,249981.347262681,3688368.77623644
126.3146953,33.3054522,249981.337949327,3688368.7764763
126.3146953,33.3054523,249981.338234976,3688368.78756772
126.3146955,33.3054524,249981.357147331,3688368.79817943
126.3146956,33.3054523,249981.366175033,3688368.78684815
126.3146956,33.3054523,249981.366175033,3688368.78684815
126.3146954,33.3054524,249981.347833979,3688368.79841929
126.3146953,33.3054527,249981.339377573,3688368.83193342
126.3146953,33.3054524,249981.338520625,3688368.79865915
126.3146953,33.3054525,249981.338806275,3688368.80975057
126.3146951,33.3054526,249981.320465221,3688368.82132171
126.3146947,33.3054525,249981.282926166,3688368.81118971
126.3146949,33.3054526,249981.301838518,3688368.82180142
126.3146947,33.3054526,249981.283211815,3688368.82228113
126.3146943,33.3054526,249981.245958409,3688368.82324056
126.3146938,33.3054527,249981.199677298,3688368.83553127
126.3146939,33.3054528,249981.209276299,3688368.84638284
126.3146938,33.3054528,249981.199962948,3688368.84662269
126.3146936,33.3054529,249981.181621894,3688368.85819383
126.3146938,33.3054527,249981.199677298,3688368.83553127
126.3146941,33.3054528,249981.227903002,3688368.84590312
126.3146945,33.3054529,249981.265442059,3688368.85603512
126.3146946,33.3054529,249981.274755411,3688368.85579526
126.314695,33.305453,249981.312294466,3688368.86592726
126.3146952,33.3054529,249981.330635522,3688368.85435613
126.3146953,33.3054531,249981.340520169,3688368.87629912
126.3146956,33.3054532,249981.368745875,3688368.88667097
126.3146956,33.3054532,249981.368745875,3688368.88667097
126.3146955,33.3054531,249981.359146875,3688368.87581941
126.3146961,33.3054532,249981.415312632,3688368.88547169
126.3146962,33.3054532,249981.424625983,3688368.88523184
126.3146959,33.3054531,249981.39640028,3688368.87485998
126.3146957,33.3054531,249981.377773577,3688368.87533969
126.3146959,33.305453,249981.396114631,3688368.86376855
126.314696,33.3054531,249981.405713632,3688368.87462012
126.3146963,33.305453,249981.433368037,3688368.86280913
126.3146965,33.3054531,249981.452280389,3688368.87342084
126.3146966,33.3054531,249981.461593742,3688368.87318099
126.3146971,33.305453,249981.507874851,3688368.86089028
126.3146966,33.3054533,249981.46216504,3688368.89536384
126.3146967,33.3054531,249981.470907094,3688368.87294113
126.3146964,33.3054533,249981.443538338,3688368.89584355
126.3146963,33.3054532,249981.433939335,3688368.88499198
126.3146961,33.3054531,249981.415026983,3688368.87438027
126.3146961,33.305453,249981.414741334,3688368.86328884
126.3146961,33.305453,249981.414741334,3688368.86328884
126.3146964,33.3054531,249981.44296704,3688368.8736607
126.3146964,33.3054532,249981.443252689,3688368.88475212
126.3146967,33.3054531,249981.470907094,3688368.87294113
126.3146969,33.3054532,249981.489819446,3688368.88355284
126.3146965,33.3054532,249981.452566038,3688368.88451227
126.3146961,33.305453,249981.414741334,3688368.86328884
126.3146961,33.305453,249981.414741334,3688368.86328884
126.3146961,33.3054529,249981.414455685,3688368.85219742
126.3146957,33.3054531,249981.377773577,3688368.87533969
126.3146955,33.305453,249981.358861225,3688368.86472798
126.3146957,33.305453,249981.377487928,3688368.86424827
126.3146955,33.3054529,249981.358575576,3688368.85363656
126.3146959,33.3054529,249981.395828982,3688368.85267713
126.3146961,33.3054529,249981.414455685,3688368.85219742
126.3146957,33.3054529,249981.377202279,3688368.85315684
126.3146958,33.3054529,249981.386515631,3688368.85291699
126.3146962,33.305453,249981.424054685,3688368.86304898
126.3146968,33.305453,249981.479934796,3688368.86160985
126.3146972,33.3054532,249981.5177595,3688368.88283327
126.3146974,33.3054531,249981.536100554,3688368.87126213
126.3146977,33.3054534,249981.564897555,3688368.90381684
126.314698,33.3054533,249981.592551962,3688368.89200585
126.3146985,33.3054533,249981.639118719,3688368.89080656
126.314698,33.3054531,249981.591980665,3688368.869823
126.3146979,33.3054532,249981.582952962,3688368.88115428
126.3146982,33.3054533,249981.611178665,3688368.89152613
126.3146979,33.3054534,249981.58352426,3688368.90333713
126.3146977,33.3054534,249981.564897555,3688368.90381684
126.3146975,33.3054534,249981.546270852,3688368.90429655
126.3146976,33.3054534,249981.555584206,3688368.9040567
126.3146977,33.3054536,249981.565468852,3688368.92599969
126.3146976,33.3054535,249981.555869854,3688368.91514812
126.3146974,33.3054534,249981.5369575,3688368.90453641
126.3146973,33.3054535,249981.527929798,3688368.91586769
126.3146972,33.3054536,249981.518902096,3688368.92719897
126.3146972,33.3054535,249981.518616447,3688368.91610755
126.314697,33.3054536,249981.500275393,3688368.92767868
126.3146973,33.3054536,249981.528215447,3688368.92695911
126.3146976,33.3054536,249981.556155503,3688368.92623955
126.3146976,33.3054536,249981.556155503,3688368.92623955
126.3146977,33.3054536,249981.565468852,3688368.92599969
126.3146979,33.3054537,249981.584381206,3688368.9366114
126.3146978,33.3054537,249981.575067855,3688368.93685126
126.3146979,33.3054537,249981.584381206,3688368.9366114
126.314697,33.3054536,249981.500275393,3688368.92767868
126.3146962,33.3054535,249981.425482931,3688368.91850611
126.3146956,33.3054533,249981.369031524,3688368.8977624
126.3146954,33.3054533,249981.350404821,3688368.89824211
126.3146951,33.3054533,249981.322464765,3688368.89896168
126.3146948,33.3054534,249981.29481036,3688368.91077268
126.3146943,33.3054534,249981.248243603,3688368.91197196
126.314694,33.3054534,249981.220303549,3688368.91269153
126.314694,33.3054535,249981.220589198,3688368.92378295
126.314694,33.3054534,249981.220303549,3688368.91269153
126.3146939,33.3054534,249981.210990195,3688368.91293139
126.3146938,33.3054534,249981.201676843,3688368.91317124
126.3146936,33.3054535,249981.18333579,3688368.92474238
126.3146934,33.3054535,249981.164709087,3688368.92522209
126.3146934,33.3054535,249981.164709087,3688368.92522209
126.3146933,33.3054534,249981.155110086,3688368.91437053
126.3146933,33.3054533,249981.154824437,3688368.9032791
126.314693,33.3054535,249981.127455682,3688368.92618152
126.3146931,33.3054535,249981.136769033,3688368.92594166
126.3146929,33.3054535,249981.118142328,3688368.92642138
126.3146926,33.3054536,249981.090487923,3688368.93823237
126.3146925,33.3054535,249981.080888922,3688368.92738081
126.3146924,33.3054535,249981.071575571,3688368.92762066
126.3146925,33.3054535,249981.080888922,3688368.92738081
126.3146926,33.3054535,249981.090202274,3688368.92714095
126.3146925,33.3054535,249981.080888922,3688368.92738081
126.3146924,33.3054535,249981.071575571,3688368.92762066
126.3146923,33.3054536,249981.062547869,3688368.93895194
126.3146922,33.3054537,249981.053520167,3688368.95028323
126.3146919,33.3054536,249981.025294463,3688368.93991137
126.314692,33.3054537,249981.034893462,3688368.95076294
126.314692,33.3054537,249981.034893462,3688368.95076294
126.3146921,33.3054538,249981.044492465,3688368.96161451
126.314692,33.3054537,249981.034893462,3688368.95076294
126.314692,33.3054538,249981.035179111,3688368.96185436
126.3146918,33.3054539,249981.016838061,3688368.9734255
126.3146915,33.305454,249980.989183654,3688368.9852365
126.3146911,33.3054542,249980.952501547,3688369.00837877
126.3146913,33.305454,249980.970556951,3688368.98571621
126.3146916,33.305454,249980.998497007,3688368.98499664
126.3146913,33.3054541,249980.970842601,3688368.99680764
126.3146911,33.3054542,249980.952501547,3688369.00837877
126.3146909,33.305454,249980.933303546,3688368.98667564
126.3146907,33.3054541,249980.914962493,3688368.99824678
126.3146905,33.3054542,249980.896621437,3688369.00981792
126.3146904,33.3054543,249980.887593738,3688369.0211492
126.3146905,33.3054542,249980.896621437,3688369.00981792
126.3146904,33.3054543,249980.887593738,3688369.0211492
126.3146905,33.3054542,249980.896621437,3688369.00981792
126.3146906,33.3054543,249980.906220441,3688369.02066948
126.3146907,33.3054542,249980.915248142,3688369.0093382
126.3146906,33.3054542,249980.905934791,3688369.00957806
126.3146903,33.3054543,249980.878280384,3688369.02138906
126.3146903,33.3054544,249980.878566034,3688369.03248048
126.3146902,33.3054544,249980.869252683,3688369.03272034
126.3146903,33.3054544,249980.878566034,3688369.03248048
126.3146902,33.3054544,249980.869252683,3688369.03272034
126.3146901,33.3054545,249980.860224981,3688369.04405162
126.3146902,33.3054545,249980.869538332,3688369.04381176
126.3146901,33.3054547,249980.86079628,3688369.06623447
126.3146899,33.3054548,249980.842455228,3688369.07780561
126.3146899,33.3054549,249980.842740877,3688369.08889703
126.3146899,33.3054549,249980.842740877,3688369.08889703
126.3146898,33.305455,249980.833713176,3688369.10022831
126.3146899,33.305455,249980.843026527,3688369.09998846
126.3146898,33.3054551,249980.833998825,3688369.11131974
126.3146898,33.3054552,249980.834284475,3688369.12241116
126.3146897,33.3054553,249980.825256774,3688369.13374245
126.3146897,33.3054554,249980.825542423,3688369.14483387
126.3146895,33.3054554,249980.806915721,3688369.14531358
126.3146895,33.3054554,249980.806915721,3688369.14531358
126.3146896,33.3054553,249980.81594342,3688369.1339823
126.3146895,33.3054554,249980.806915721,3688369.14531358
126.3146893,33.3054555,249980.788574666,3688369.15688472
126.314689,33.3054555,249980.760634612,3688369.1576043
126.3146892,33.3054555,249980.779261317,3688369.15712458
126.3146889,33.3054555,249980.751321261,3688369.15784415
126.3146888,33.3054555,249980.74200791,3688369.15808401
126.3146888,33.3054555,249980.74200791,3688369.15808401
126.3146888,33.3054555,249980.74200791,3688369.15808401
126.3146885,33.3054556,249980.714353506,3688369.169895
126.314688,33.3054555,249980.667501101,3688369.16000287
126.3146879,33.3054555,249980.658187747,3688369.16024272
126.3146879,33.3054551,249980.657045147,3688369.11587702
126.3146875,33.3054553,249980.620363042,3688369.1390193
126.3146873,33.3054554,249980.60202199,3688369.15059044
126.314687,33.3054555,249980.574367586,3688369.16240144
126.3146867,33.3054557,249980.546998831,3688369.18530386
126.3146862,33.3054564,249980.502431625,3688369.26414312
126.3146859,33.3054568,249980.475634173,3688369.30922839
126.3146857,33.3054568,249980.457007468,3688369.30970811
126.314685,33.305457,249980.392385311,3688369.33356996
126.3146838,33.3054573,249980.281482048,3688369.36972252
126.3146835,33.3054578,249980.254970247,3688369.42589922
126.3146832,33.3054581,249980.227887143,3688369.45989307
126.314683,33.3054582,249980.209546091,3688369.47146421
126.3146826,33.3054586,249980.17343529,3688369.51678934
126.314682,33.3054587,249980.117840833,3688369.52931991
126.3146822,33.3054592,249980.137895787,3688369.58429732
126.3146823,33.3054594,249980.147780442,3688369.60624031
126.3146809,33.3054595,249980.017679176,3688369.62068974
126.3146806,33.3054598,249979.990596076,3688369.65468359
126.3146801,33.3054604,249979.945743227,3688369.72243143
126.3146797,33.3054609,249979.909918076,3688369.77884799
126.3146793,33.3054616,249979.87466423,3688369.85744739
126.3146787,33.3054622,249979.820498032,3688369.92543509
126.3146787,33.3054629,249979.822497589,3688370.00307507
126.3146779,33.3054638,249979.750561643,3688370.10481675
126.3146776,33.3054648,249979.7254781,3688370.21645058
126.3146772,33.3054658,249979.691081211,3688370.32832426
126.3146769,33.3054667,249979.665712021,3688370.42886666
126.3146766,33.3054679,249979.641199786,3688370.56268333
126.3146762,33.3054692,249979.60765985,3688370.70783129
126.314676,33.3054702,249979.591889664,3688370.81922526
126.3146749,33.3054712,249979.492299329,3688370.93277795
126.3146748,33.3054723,249979.486128146,3688371.05502348
126.3146749,33.3054734,249979.498583661,3688371.17678929
126.3146752,33.3054744,249979.529380223,3688371.28698397
126.3146755,33.3054756,249979.56074809,3688371.41936149
126.3146759,33.3054767,249979.601143651,3688371.54040773
126.3146766,33.3054778,249979.669479261,3688371.6607344
126.3146768,33.3054784,249979.689819866,3688371.72680323
126.3146768,33.3054787,249979.69067682,3688371.76007751
126.314677,33.3054788,249979.709589169,3688371.77068922
126.3146771,33.3054788,249979.718902517,3688371.77044936
126.3146769,33.3054787,249979.699990169,3688371.75983765
126.3146766,33.3054788,249979.672335774,3688371.77164865
126.3146766,33.3054787,249979.672050122,3688371.76055722
126.3146765,33.3054786,249979.662451122,3688371.74970566
126.3146765,33.3054786,249979.662451122,3688371.74970566
126.3146763,33.3054785,249979.643538773,3688371.73909395
126.314676,33.3054784,249979.615313073,3688371.7287221
126.3146759,33.3054783,249979.605714073,3688371.71787053
126.3146758,33.3054782,249979.596115073,3688371.70701897
126.3146756,33.3054781,249979.577202724,3688371.69640726
126.3146754,33.3054779,249979.558004724,3688371.67470412
126.3146751,33.3054778,249979.529779026,3688371.66433228
126.3146747,33.3054776,249979.491954325,3688371.64310886
126.3146746,33.3054776,249979.482640976,3688371.64334872
126.3146742,33.3054774,249979.444816277,3688371.6221253
126.3146739,33.3054772,249979.416304927,3688371.60066203
126.3146735,33.305477,249979.378480226,3688371.57943861
126.3146732,33.3054768,249979.349968876,3688371.55797534
126.3146729,33.3054766,249979.321457526,3688371.53651206
126.3146725,33.3054763,249979.283347172,3688371.50419722
126.314672,33.3054761,249979.236209124,3688371.48321367
126.3146715,33.3054759,249979.189071075,3688371.46223011
126.314671,33.3054759,249979.142504327,3688371.4634294
126.3146705,33.3054756,249979.095080626,3688371.43135442
126.3146699,33.3054754,249979.038629225,3688371.41061073
126.3146692,33.3054753,249978.973150127,3688371.40119831
126.3146687,33.3054751,249978.926012077,3688371.38021476
126.314668,33.3054749,249978.860247326,3688371.35971092
126.3146673,33.3054747,249978.794482577,3688371.33920709
126.3146665,33.3054745,249978.719404476,3688371.31894311
126.3146659,33.3054743,249978.662953074,3688371.29819941
126.3146651,33.3054742,249978.588160627,3688371.28902686
126.3146645,33.305474,249978.531709227,3688371.26828317
126.3146635,33.305474,249978.438575729,3688371.27068176
126.3146627,33.3054739,249978.363783282,3688371.26150921
126.3146618,33.3054739,249978.279963136,3688371.26366795
126.3146608,33.3054737,249978.186258335,3688371.2438837
126.3146601,33.3054735,249978.120493583,3688371.22337987
126.3146591,33.3054734,249978.027074434,3688371.21468704
126.3146582,33.3054732,249977.942682981,3688371.19466293
126.3146572,33.305473,249977.848978178,3688371.17487868
126.3146562,33.3054729,249977.75555903,3688371.16618585
126.314655,33.3054727,249977.643227528,3688371.14688132
126.3146538,33.3054726,249977.531181678,3688371.13866822
126.3146526,33.3054725,249977.419135828,3688371.13045512
126.3146514,33.3054724,249977.307089978,3688371.12224202
126.3146502,33.3054722,249977.194758474,3688371.1029375
126.3146487,33.305472,249977.054486918,3688371.08435256
126.3146473,33.3054718,249976.923528713,3688371.06552776
126.3146458,33.3054716,249976.783257155,3688371.04694283
126.3146444,33.3054716,249976.652870261,3688371.05030088
126.3146429,33.3054715,249976.512884357,3688371.04280737
126.3146413,33.3054714,249976.363585106,3688371.03555373
126.3146397,33.3054714,249976.214571509,3688371.03939152
126.3146382,33.3054714,249976.07487126,3688371.04298944
126.3146367,33.3054715,249975.935456669,3688371.05767879
126.3146351,33.3054715,249975.786443072,3688371.06151658
126.3146335,33.3054715,249975.637429473,3688371.06535438
126.3146319,33.3054716,249975.488701532,3688371.0802836
126.3146304,33.3054718,249975.349572597,3688371.10606438
126.3146287,33.3054719,249975.191531305,3688371.12123347
126.3146272,33.3054721,249975.052402372,3688371.14701426
126.3146257,33.3054722,249974.91298778,3688371.16170362
126.314624,33.3054725,249974.755517805,3688371.19905557
126.3146225,33.3054728,249974.61667453,3688371.23592779
126.314621,33.3054731,249974.477831256,3688371.27280001
126.3146195,33.3054734,249974.338987983,3688371.30967224
126.3146179,33.3054737,249974.190831359,3688371.34678433
126.3146165,33.3054738,249974.060730122,3688371.36123385
126.3146149,33.3054739,249973.912002183,3688371.37616309
126.3146133,33.3054741,249973.763559906,3688371.40218376
126.314612,33.3054741,249973.642486361,3688371.405302
126.3146103,33.3054742,249973.484445076,3688371.42047111
126.3146087,33.3054744,249973.336002798,3688371.44649179
126.3146072,33.3054744,249973.196302554,3688371.45008976
126.3146058,33.3054745,249973.066201319,3688371.46453928
126.3146045,33.3054743,249972.944556456,3688371.44547468
126.3146032,33.3054743,249972.823482909,3688371.44859292
126.3146021,33.3054742,249972.720750406,3688371.44014001
126.3146007,33.3054742,249972.590363511,3688371.44349812
126.3145995,33.3054744,249972.479174634,3688371.46855935
126.3145982,33.3054745,249972.358386748,3688371.48276902
126.314597,33.3054746,249972.246912213,3688371.49673883
126.3145956,33.3054748,249972.117096636,3688371.5222798
126.3145943,33.3054749,249971.996308751,3688371.53648948
126.3145929,33.3054752,249971.866778837,3688371.57312187
126.3145917,33.3054755,249971.755875624,3688371.60927454
126.3145903,33.3054757,249971.626060051,3688371.63481551
126.314589,33.305476,249971.505843489,3688371.67120805
126.3145876,33.3054764,249971.376599238,3688371.71893187
126.3145863,33.3054768,249971.256668341,3688371.76641584
126.314585,33.3054771,249971.136451779,3688371.80280838
126.3145836,33.3054775,249971.007207533,3688371.85053221
126.3145823,33.305478,249970.887562298,3688371.9091076
126.314581,33.3054784,249970.767631403,3688371.95659157
126.3145796,33.3054787,249970.638101499,3688371.99322398
126.3145783,33.3054792,249970.518456266,3688372.05179938
126.3145771,33.3054796,249970.407838723,3688372.09904349
126.3145758,33.30548,249970.287907835,3688372.14652747
126.3145742,33.3054802,249970.139465572,3688372.17254819
126.3145729,33.3054805,249970.019249021,3688372.20894075
126.3145716,33.3054809,249969.899318133,3688372.25642473
126.3145701,33.305481,249969.759903561,3688372.27111417
126.3145687,33.3054813,249969.630373661,3688372.3077466
126.3145673,33.3054816,249969.500843764,3688372.34437903
126.3145659,33.3054819,249969.371313869,3688372.38101146
126.3145645,33.3054822,249969.241783974,3688372.41764389
126.314563,33.3054825,249969.102940731,3688372.45451619
126.3145617,33.3054826,249968.982152859,3688372.46872591
126.3145602,33.3054826,249968.842452626,3688372.47232394
126.3145588,33.3054825,249968.711780076,3688372.46459067
126.3145574,33.3054824,249968.581107528,3688372.45685741
126.3145559,33.3054821,249968.440550302,3688372.42718117
126.3145545,33.3054818,249968.309306424,3688372.39726507
126.3145531,33.3054815,249968.178062543,3688372.36734896
126.3145517,33.3054812,249968.046818663,3688372.33743286
126.3145503,33.3054807,249967.915003452,3688372.2853339
126.3145488,33.3054801,249967.773589227,3688372.2223834
126.3145474,33.3054797,249967.642059676,3688372.18137587
126.3145461,33.305479,249967.518986482,3688372.1068542
126.3145448,33.3054785,249967.396484612,3688372.05451539
126.3145433,33.305478,249967.255356044,3688372.00265631
126.3145419,33.3054775,249967.123540824,3688371.95055737
126.3145406,33.305477,249967.001038952,3688371.89821856
126.3145392,33.3054764,249966.868938063,3688371.83502819
126.3145379,33.3054758,249966.746150522,3688371.77159796
126.3145364,33.3054752,249966.604736277,3688371.70864747
126.3145353,33.3054746,249966.500575434,3688371.64473749
126.3145341,33.3054741,249966.387386902,3688371.59215882
126.3145329,33.3054734,249966.273627037,3688371.51739729
126.3145316,33.3054728,249966.150839488,3688371.45396707
126.3145304,33.3054722,249966.037365286,3688371.39029697
126.3145292,33.3054715,249965.923605417,3688371.31553545
126.314528,33.3054708,249965.809845545,3688371.24077393
126.3145268,33.3054702,249965.696371339,3688371.17710384
126.3145255,33.3054694,249965.573012446,3688371.09149076
126.3145243,33.3054687,249965.459252569,3688371.01672925
126.3145231,33.305468,249965.34549269,3688370.94196773
126.3145219,33.3054674,249965.232018477,3688370.87829764
126.3145207,33.3054667,249965.118258595,3688370.80353613
126.3145194,33.305466,249964.99518536,3688370.72901449
126.3145182,33.3054654,249964.881711142,3688370.66534441
126.3145171,33.3054647,249964.777264605,3688370.59034303
126.3145158,33.305464,249964.654191365,3688370.51582139
126.3145146,33.3054633,249964.540431474,3688370.44105989
126.3145132,33.3054627,249964.408330545,3688370.37786955
126.3145121,33.305462,249964.303884003,3688370.30286818
126.3145109,33.3054613,249964.190124106,3688370.22810668
126.3145097,33.3054606,249964.076364208,3688370.15334517
126.3145086,33.30546,249963.972203328,3688370.08943522
126.3145073,33.3054593,249963.849130075,3688370.0149136
126.314506,33.3054588,249963.726628156,3688369.96257483
126.3145048,33.3054581,249963.612868251,3688369.88781333
126.3145035,33.3054576,249963.490366334,3688369.83547456
126.3145022,33.3054571,249963.367864413,3688369.78313579
126.314501,33.3054566,249963.254675842,3688369.73055715
126.3144996,33.3054561,249963.122860564,3688369.67845826
126.3144983,33.3054556,249963.000358639,3688369.6261195
126.314497,33.3054553,249962.878428053,3688369.59596358
126.3144957,33.3054549,249962.756211796,3688369.55471625
126.3144944,33.3054545,249962.633995537,3688369.51346892
126.3144929,33.3054542,249962.493438244,3688369.48379276
126.3144916,33.3054538,249962.371221981,3688369.44254543
126.3144901,33.3054536,249962.230950357,3688369.4239607
126.3144889,33.3054533,249962.118333118,3688369.39356492
126.3144874,33.305453,249961.977775821,3688369.36388877
126.3144861,33.3054529,249961.85641657,3688369.35591572
126.3144846,33.3054525,249961.7155736,3688369.31514815
126.3144832,33.3054524,249961.584900994,3688369.30741498
126.3144819,33.3054523,249961.463541742,3688369.29944194
126.3144805,33.3054521,249961.332583465,3688369.28061735
126.314479,33.3054521,249961.19288318,3688369.28421548
126.3144776,33.3054521,249961.062496247,3688369.28757375
126.3144762,33.3054521,249960.932109314,3688369.29093201
126.3144748,33.3054521,249960.801722379,3688369.29429028
126.3144734,33.3054522,249960.671621118,3688369.30873997
126.3144719,33.3054524,249960.532492179,3688369.33452097
126.3144706,33.3054527,249960.412275617,3688369.37091364
126.3144692,33.305453,249960.282745705,3688369.40754619
126.3144678,33.3054533,249960.15321579,3688369.44417875
126.3144665,33.3054538,249960.033570578,3688369.50275428
126.3144651,33.3054542,249959.904326342,3688369.55047826
126.3144638,33.3054547,249959.784681133,3688369.60905379
126.3144626,33.3054553,249959.67463495,3688369.67848087
126.3144613,33.3054558,249959.554989744,3688369.73705641
126.31446,33.3054564,249959.435630213,3688369.80672337
126.3144589,33.305457,249959.334897387,3688369.87591058
126.3144576,33.3054576,249959.215537859,3688369.94557754
126.3144565,33.3054583,249959.115090711,3688370.02585618
126.3144555,33.305459,249959.023956915,3688370.10589494
126.3144543,33.3054597,249958.914196419,3688370.18641346
126.3144533,33.3054605,249958.823348302,3688370.27754364
126.3144522,33.3054613,249958.723186835,3688370.36891371
126.3144512,33.3054622,249958.632624397,3688370.47113532
126.3144502,33.305463,249958.541776285,3688370.56226552
126.3144493,33.3054637,249958.459955853,3688370.6420644
126.3144484,33.3054646,249958.378706771,3688370.74404614
126.3144476,33.3054654,249958.306485366,3688370.83469658
126.3144467,33.3054663,249958.22523629,3688370.93667832
126.3144457,33.3054673,249958.134959536,3688371.04999136
126.3144449,33.3054681,249958.062738138,3688371.1406418
126.3144439,33.3054689,249957.971890038,3688371.231772
126.3144426,33.3054694,249957.85224486,3688371.29034756
126.3144413,33.3054699,249957.732599683,3688371.34892312
126.3144399,33.3054703,249957.603355481,3688371.39664713
126.3144386,33.3054707,249957.48342463,3688371.44413127
126.3144373,33.305471,249957.363208102,3688371.48052398
126.314436,33.3054715,249957.243562932,3688371.53909954
126.314435,33.3054721,249957.15214349,3688371.6080469
126.3144339,33.3054727,249957.051410698,3688371.67723413
126.3144328,33.3054735,249956.951249262,3688371.76860422
126.3144318,33.3054742,249956.860115501,3688371.848643
126.3144309,33.305475,249956.778580769,3688371.93953333
126.31443,33.305476,249956.697617395,3688372.05260651
126.3144291,33.3054769,249956.616368344,3688372.15458827
126.3144284,33.3054779,249956.554031671,3688372.26718169
126.3144279,33.305479,249956.51060738,3688372.39038678
126.3144274,33.3054801,249956.467183087,3688372.51359186
126.314427,33.3054813,249956.433357824,3688372.64764849
126.3144267,33.3054825,249956.408845912,3688372.78146525
126.3144263,33.3054837,249956.37502065,3688372.91552188
126.3144261,33.3054849,249956.359822089,3688373.04909875
126.3144255,33.3054861,249956.307370133,3688373.18363515
126.314425,33.3054873,249956.264231526,3688373.31793166
126.3144247,33.3054884,249956.23943394,3688373.44065699
126.3144242,33.3054896,249956.196295338,3688373.5749535
126.314424,33.3054908,249956.181096778,3688373.70853038
126.3144239,33.3054921,249956.175497249,3688373.85295879
126.3144238,33.3054932,249956.169326363,3688373.97520436
126.3144238,33.3054945,249956.173040182,3688374.1193929
126.3144238,33.3054956,249956.176182644,3688374.24139858
126.3144239,33.3054969,249956.189209811,3688374.38534723
126.314424,33.305498,249956.20166562,3688374.50711304
126.3144241,33.3054993,249956.214692787,3688374.65106169
126.3144243,33.3055005,249956.236747624,3688374.78367904
126.3144245,33.3055017,249956.258802459,3688374.91629639
126.3144246,33.305503,249956.271829625,3688375.06024505
126.3144251,33.3055041,249956.321538821,3688375.18105133
126.3144254,33.3055052,249956.352621325,3688375.30233737
126.3144261,33.3055064,249956.42124289,3688375.43375531
126.3144267,33.3055076,249956.48055111,3688375.56541314
126.3144274,33.3055089,249956.54945835,3688375.70792251
126.3144283,33.30551,249956.636420927,3688375.82776927
126.3144291,33.305511,249956.713784479,3688375.93676448
126.3144298,33.3055121,249956.782120358,3688376.057091
126.3144307,33.3055133,249956.869368607,3688376.18802919
126.3144314,33.3055146,249956.93827584,3688376.33053856
126.3144322,33.3055157,249957.01592506,3688376.4506252
126.3144329,33.3055168,249957.084260934,3688376.57095173
126.3144337,33.305518,249957.162195828,3688376.7021298
126.3144345,33.3055191,249957.239845044,3688376.82221644
126.3144354,33.3055203,249957.327093281,3688376.95315463
126.3144361,33.3055214,249957.395429146,3688377.07348115
126.314437,33.3055224,249957.482106025,3688377.18223649
126.3144376,33.3055233,249957.54055719,3688377.28062004
126.3144384,33.3055243,249957.617920721,3688377.38961526
126.3144391,33.3055253,249957.685970903,3688377.49885036
126.3144399,33.3055262,249957.763048754,3688377.59675416
126.3144408,33.3055272,249957.849725624,3688377.7055095
126.3144416,33.3055283,249957.927374822,3688377.82559615
126.3144424,33.3055292,249958.004452668,3688377.92349995
126.3144434,33.3055303,249958.100728553,3688378.04310684
126.3144442,33.3055313,249958.17809207,3688378.15210206
126.3144452,33.3055321,249958.273510922,3688378.23843468
126.3144462,33.3055331,249958.369501124,3688378.34695014
126.314447,33.3055342,249958.447150314,3688378.46703679
126.3144479,33.3055352,249958.53382717,3688378.57579214
126.3144488,33.3055364,249958.621075373,3688378.70673034
126.3144497,33.3055375,249958.7080379,3688378.82657711
126.3144506,33.3055388,249958.795571777,3688378.96860674
126.3144513,33.3055399,249958.863907614,3688379.08893327
126.3144521,33.3055411,249958.941842466,3688379.22011135
126.3144528,33.3055421,249959.009892624,3688379.32934646
126.3144533,33.3055432,249959.05960177,3688379.45015275
126.3144542,33.3055445,249959.147135637,3688379.59218238
126.3144548,33.3055457,249959.206443797,3688379.72384022
126.3144554,33.3055468,249959.265466282,3688379.84440664
126.314456,33.3055478,249959.324203091,3688379.95388162
126.3144567,33.305549,249959.392824589,3688380.08529959
126.3144573,33.3055502,249959.452132745,3688380.21695743
126.3144579,33.3055514,249959.511440898,3688380.34861527
126.3144584,33.3055527,249959.561721386,3688380.49160441
126.314459,33.3055538,249959.620743861,3688380.61217083
126.3144595,33.3055548,249959.670167318,3688380.7218857
126.31446,33.3055561,249959.720447802,3688380.86487484
126.3144607,33.3055573,249959.789069289,3688380.99629281
126.3144613,33.3055585,249959.848377436,3688381.12795065
126.3144618,33.3055597,249959.898372238,3688381.25984837
126.3144626,33.3055609,249959.976307064,3688381.39102646
126.3144636,33.3055619,249960.072297219,3688381.49954194
126.3144641,33.3055629,249960.121720667,3688381.60925681
126.3144649,33.3055641,249960.199655487,3688381.7404349
126.3144656,33.3055653,249960.268276965,3688381.87185286
126.3144663,33.3055663,249960.33632709,3688381.98108798
126.3144671,33.3055673,249960.413690556,3688382.09008322
126.3144678,33.3055685,249960.482312027,3688382.22150119
126.3144681,33.3055695,249960.513108791,3688382.33169581
126.3144686,33.3055707,249960.56310358,3688382.46359354
126.3144693,33.3055718,249960.631439374,3688382.58392008
126.3144698,33.3055728,249960.680862812,3688382.69363495
126.3144702,33.3055739,249960.721258586,3688382.81468113
126.3144708,33.305575,249960.780281036,3688382.93524755
126.3144714,33.3055761,249960.839303486,3688383.05581397
126.3144718,33.3055771,249960.879413581,3688383.16576872
126.3144723,33.3055781,249960.928837014,3688383.27548359
126.3144729,33.3055791,249960.987573786,3688383.38495859
126.3144736,33.30558,249961.05533822,3688383.48310228
126.3144741,33.3055811,249961.105047326,3688383.60390858
126.3144745,33.3055821,249961.145157416,3688383.71386334
126.314475,33.3055831,249961.194580846,3688383.82357821
126.3144755,33.3055841,249961.244004273,3688383.93329308
126.3144761,33.3055851,249961.302741037,3688384.04276808
126.3144766,33.3055862,249961.352450137,3688384.16357438
126.3144772,33.3055871,249961.410901225,3688384.26195795
126.3144777,33.3055884,249961.46118167,3688384.40494711
126.314478,33.3055895,249961.492264089,3688384.52623316
126.3144785,33.3055907,249961.542258859,3688384.65813089
126.3144789,33.3055918,249961.582654614,3688384.77917707
126.3144792,33.3055931,249961.614308378,3688384.92264598
126.3144797,33.3055943,249961.664303144,3688385.0545437
126.3144799,33.3055956,249961.686643567,3688385.19825249
126.3144801,33.3055968,249961.708698321,3688385.33086984
126.3144805,33.3055981,249961.749665419,3688385.47409887
126.3144808,33.3055995,249961.781604852,3688385.62865921
126.3144811,33.3056008,249961.813258611,3688385.77212811
126.3144813,33.3056022,249961.835884709,3688385.92692832
126.3144816,33.3056035,249961.867538467,3688386.07039723
126.3144818,33.3056049,249961.890164562,3688386.22519744
126.3144819,33.3056063,249961.90347732,3688386.38023752
126.3144823,33.3056077,249961.944730085,3688386.53455798
126.3144825,33.3056092,249961.967641854,3688386.70044961
126.3144828,33.3056105,249961.999295609,3688386.84391852
126.3144832,33.3056118,249962.040262698,3688386.98714755
126.3144835,33.3056131,249962.071916451,3688387.13061646
126.3144839,33.3056145,249962.113169214,3688387.28493691
126.3144843,33.3056158,249962.1541363,3688387.42816595
126.3144847,33.305617,249962.194817713,3688387.56030355
126.314485,33.3056182,249962.226185793,3688387.69268103
126.3144852,33.3056196,249962.248811881,3688387.84748125
126.3144853,33.3056207,249962.261267616,3688387.96924705
126.3144855,33.3056219,249962.283322357,3688388.10186441
126.3144855,33.3056231,249962.286750431,3688388.23496152
126.3144858,33.3056242,249962.317832835,3688388.35624758
126.314486,33.3056253,249962.339601903,3688388.47777351
126.3144861,33.3056263,249962.351771964,3688388.58844789
126.3144863,33.3056274,249962.373541031,3688388.70997382
126.3144867,33.3056285,249962.413936765,3688388.83102001
126.314487,33.3056295,249962.444733494,3688388.94121464
126.3144873,33.3056305,249962.47553022,3688389.05140927
126.3144875,33.3056315,249962.497013613,3688389.16184377
126.3144878,33.3056325,249962.527810338,3688389.2720384
126.3144882,33.3056334,249962.567634725,3688389.37090173
126.3144884,33.3056343,249962.588832444,3688389.47024481
126.3144888,33.3056352,249962.628656827,3688389.56910814
126.3144891,33.3056361,249962.659167878,3688389.66821135
126.3144891,33.3056369,249962.661453258,3688389.75694276
126.3144892,33.3056379,249962.673623315,3688389.86761714
126.3144894,33.3056387,249962.694535362,3688389.95586879
126.3144894,33.3056396,249962.697106415,3688390.05569163
126.3144896,33.3056405,249962.718304131,3688390.15503471
126.3144896,33.3056412,249962.720303839,3688390.23267469
126.3144896,33.3056419,249962.722303546,3688390.31031467
126.3144897,33.3056426,249962.733616585,3688390.38771477
126.3144898,33.3056434,249962.745215297,3688390.47620631
126.3144898,33.3056441,249962.747215004,3688390.55384629
126.3144899,33.3056448,249962.758528043,3688390.63124639
126.3144899,33.3056456,249962.760813423,3688390.7199778
126.3144899,33.3056462,249962.762527458,3688390.78652635
126.31449,33.3056471,249962.774411842,3688390.88610931
126.31449,33.3056478,249962.776411549,3688390.96374929
126.31449,33.3056486,249962.778696929,3688391.0524807
126.3144901,33.3056493,249962.790009968,3688391.1298808
126.3144901,33.3056502,249962.792581021,3688391.22970364
126.31449,33.3056509,249962.785267397,3688391.30758349
126.3144899,33.3056517,249962.778239446,3688391.39655477
126.3144899,33.3056526,249962.780810499,3688391.49637761
126.3144898,33.3056533,249962.773496876,3688391.57425746
126.3144899,33.3056541,249962.785095587,3688391.66274899
126.31449,33.3056549,249962.796694298,3688391.75124053
126.3144899,33.3056558,249962.789952021,3688391.85130323
126.31449,33.3056566,249962.801550732,3688391.93979477
126.3144899,33.3056573,249962.79423711,3688392.01767462
126.31449,33.3056582,249962.806121493,3688392.11725758
126.31449,33.3056589,249962.808121201,3688392.19489756
126.3144899,33.3056596,249962.800807579,3688392.27277742
126.31449,33.3056603,249962.812120617,3688392.35017752
126.31449,33.3056611,249962.814405998,3688392.43890893
126.31449,33.3056619,249962.816691379,3688392.52764034
126.31449,33.3056627,249962.818976759,3688392.61637174
126.31449,33.3056634,249962.820976468,3688392.69401172
126.31449,33.3056643,249962.823547521,3688392.79383456
126.31449,33.3056651,249962.825832902,3688392.88256596
126.3144901,33.3056659,249962.837431613,3688392.97105749
126.3144901,33.3056667,249962.839716994,3688393.0597889
126.3144901,33.3056675,249962.842002375,3688393.14852031
126.3144901,33.3056685,249962.844859101,3688393.25943457
126.31449,33.3056694,249962.838116826,3688393.35949728
126.31449,33.3056702,249962.840402207,3688393.44822868
126.3144898,33.3056712,249962.824632276,3688393.55962269
126.3144897,33.3056723,249962.818461347,3688393.68186825
126.3144896,33.3056732,249962.811719073,3688393.78193096
126.3144895,33.3056743,249962.805548142,3688393.90417652
126.3144894,33.3056753,249962.799091544,3688394.01533066
126.3144891,33.3056763,249962.774008284,3688394.12696454
126.314489,33.3056773,249962.767551684,3688394.23811868
126.3144887,33.3056783,249962.742468428,3688394.34975256
126.3144886,33.3056794,249962.736297502,3688394.47199813
126.3144883,33.3056803,249962.710928572,3688394.57254059
126.314488,33.3056812,249962.685559645,3688394.67308305
126.3144879,33.3056821,249962.678817374,3688394.77314575
126.3144877,33.305683,249962.662761776,3688394.87344834
126.3144875,33.3056839,249962.646706178,3688394.97375092
126.3144873,33.3056848,249962.630650581,3688395.07405351
126.3144871,33.3056857,249962.614594982,3688395.1743561
126.314487,33.3056866,249962.607852715,3688395.27441881
126.3144868,33.3056875,249962.591797116,3688395.37472139
126.3144866,33.3056884,249962.575741521,3688395.47502398
126.3144866,33.3056893,249962.578312579,3688395.57484681
126.3144864,33.3056902,249962.562256984,3688395.67514939
126.3144863,33.305691,249962.555229043,3688395.76412068
126.3144861,33.305692,249962.539459122,3688395.87551469
126.3144859,33.3056928,249962.523117853,3688395.96472585
126.3144859,33.3056939,249962.526260259,3688396.08673153
126.3144858,33.3056948,249962.519517994,3688396.18679424
126.3144857,33.3056959,249962.513347075,3688396.3090398
126.3144853,33.305697,249962.479236175,3688396.43200499
126.3144849,33.305698,249962.444839605,3688396.54387876
126.3144846,33.3056991,249962.420042035,3688396.66660407
126.3144842,33.3057001,249962.385645464,3688396.77847784
126.3144838,33.305701,249962.350963223,3688396.87926018
126.3144835,33.305702,249962.32587998,3688396.99089406
126.314483,33.305703,249962.282170089,3688397.10300771
126.3144826,33.305704,249962.247773524,3688397.21488147
126.3144822,33.3057051,249962.213662634,3688397.33784666
126.3144818,33.3057061,249962.179266069,3688397.44972043
126.3144815,33.3057071,249962.154182832,3688397.56135432
126.3144812,33.305708,249962.128813922,3688397.66189678
126.3144809,33.305709,249962.103730687,3688397.77353067
126.3144806,33.3057101,249962.078933124,3688397.89625599
126.3144802,33.305711,249962.044250891,3688397.99703833
126.3144799,33.305712,249962.019167656,3688398.10867222
126.3144796,33.305713,249961.994084423,3688398.22030611
126.3144793,33.305714,249961.969001192,3688398.33194
126.3144789,33.305715,249961.934604636,3688398.44381376
126.3144786,33.305716,249961.909521406,3688398.55544765
126.3144782,33.305717,249961.87512485,3688398.66732142
126.3144779,33.305718,249961.850041622,3688398.77895531
126.3144775,33.3057189,249961.815359393,3688398.87973765
126.3144772,33.3057198,249961.789990492,3688398.98028012
126.3144768,33.3057208,249961.755593942,3688399.09215389
126.3144765,33.3057217,249961.730225042,3688399.19269635
126.3144761,33.3057227,249961.695828491,3688399.30457012
126.3144757,33.3057237,249961.661431943,3688399.41644389
126.3144754,33.3057247,249961.63634872,3688399.52807778
126.314475,33.3057256,249961.601666499,3688399.62886012
126.3144746,33.3057266,249961.567269952,3688399.74073389
126.3144743,33.3057275,249961.541901056,3688399.84127636
126.3144738,33.3057283,249961.497619841,3688399.93120715
126.3144735,33.3057292,249961.472250944,3688400.03174962
126.3144733,33.30573,249961.455909698,3688400.12096078
126.3144729,33.305731,249961.421513157,3688400.23283455
126.3144725,33.3057318,249961.386545265,3688400.32252547
126.314472,33.3057327,249961.342549728,3688400.42354769
126.3144716,33.3057335,249961.30758184,3688400.51323861
126.3144711,33.3057344,249961.263586303,3688400.61426083
126.3144706,33.3057352,249961.219305095,3688400.70419163
126.3144701,33.305736,249961.175023884,3688400.79412243
126.3144696,33.3057369,249961.131028353,3688400.89514465
126.3144692,33.3057377,249961.096060468,3688400.98483557
126.3144685,33.3057385,249961.033152617,3688401.07524612
126.3144682,33.3057393,249961.007498054,3688401.16469716
126.3144678,33.3057401,249960.972530172,3688401.25438808
126.3144673,33.305741,249960.928534645,3688401.35541031
126.3144668,33.3057419,249960.884539119,3688401.45643253
126.3144663,33.3057428,249960.840543592,3688401.55745476
126.3144657,33.3057435,249960.786663395,3688401.63653401
126.3144653,33.3057445,249960.752266867,3688401.74840778
126.314465,33.3057453,249960.726612311,3688401.83785882
126.3144645,33.3057462,249960.68261679,3688401.93888105
126.3144639,33.305747,249960.62902227,3688402.02905173
126.3144635,33.3057479,249960.594340072,3688402.12983408
126.314463,33.3057488,249960.550344551,3688402.2308563
126.3144625,33.3057496,249960.506063358,3688402.3207871
126.3144621,33.3057505,249960.471381162,3688402.42156945
126.3144613,33.3057513,249960.399160007,3688402.51221989
126.3144607,33.3057522,249960.34585117,3688402.613482
126.3144602,33.3057529,249960.301284304,3688402.69232137
126.3144595,33.3057538,249960.23866215,3688402.79382336
126.314459,33.3057547,249960.194666639,3688402.89484559
126.3144584,33.3057555,249960.141072132,3688402.98501627
126.3144578,33.3057562,249960.087191948,3688403.06409552
126.3144573,33.3057571,249960.04319644,3688403.16511775
126.3144567,33.305758,249959.989887611,3688403.26637986
126.3144561,33.3057589,249959.936578786,3688403.36764197
126.3144555,33.3057598,249959.88326996,3688403.46890408
126.3144549,33.3057606,249959.82967546,3688403.55907476
126.3144545,33.3057614,249959.794707597,3688403.64876569
126.3144539,33.3057624,249959.741684453,3688403.76111923
126.3144532,33.3057632,249959.678776635,3688403.85152979
126.3144527,33.3057641,249959.634781136,3688403.95255202
126.3144521,33.305765,249959.581472316,3688404.05381414
126.3144516,33.305766,249959.537762497,3688404.16592779
126.3144508,33.3057669,249959.465827042,3688404.26766966
126.3144503,33.3057678,249959.421831547,3688404.3686919
126.3144497,33.3057688,249959.36880841,3688404.48104544
126.314449,33.3057696,249959.305900601,3688404.571456
126.3144485,33.3057706,249959.262190787,3688404.68356967
126.3144477,33.3057714,249959.189969662,3688404.77422011
126.3144471,33.3057722,249959.136375176,3688404.8643908
126.3144465,33.3057732,249959.083352046,3688404.97674434
126.3144459,33.3057741,249959.030043241,3688405.07800646
126.314445,33.3057749,249958.948508803,3688405.16889679
126.3144444,33.3057759,249958.895485679,3688405.28125033
126.3144437,33.3057767,249958.83257788,3688405.3716609
126.314443,33.3057776,249958.76995576,3688405.4731629
126.3144422,33.3057785,249958.698020326,3688405.57490478
126.3144416,33.3057793,249958.644425848,3688405.66507547
126.3144408,33.3057801,249958.572204739,3688405.75572592
126.3144401,33.305781,249958.509582625,3688405.85722792
126.3144393,33.3057819,249958.437647195,3688405.9589698
126.3144385,33.3057827,249958.365426087,3688406.04962026
126.3144378,33.3057835,249958.302518301,3688406.14003083
126.314437,33.3057844,249958.230582875,3688406.24177272
126.3144363,33.3057853,249958.16796077,3688406.34327472
126.3144355,33.3057861,249958.095739668,3688406.43392518
126.3144349,33.3057871,249958.04271656,3688406.54627873
126.3144343,33.305788,249957.989407776,3688406.64754085
126.3144335,33.3057888,249957.917186681,3688406.73819131
126.3144329,33.3057897,249957.863877897,3688406.83945343
126.3144321,33.3057905,249957.791656802,3688406.93010389
126.3144315,33.3057914,249957.738348023,3688407.03136601
126.3144309,33.3057922,249957.684753562,3688407.12153671
126.3144302,33.3057931,249957.62213147,3688407.22303872
126.3144295,33.3057939,249957.559223696,3688407.3134493
126.3144288,33.3057948,249957.496601606,3688407.41495131
126.3144282,33.3057956,249957.44300715,3688407.50512201
126.3144274,33.3057964,249957.370786065,3688407.59577247
126.3144265,33.3057974,249957.289823026,3688407.70884567
126.3144257,33.3057983,249957.217887626,3688407.81058756
126.3144249,33.3057991,249957.145666545,3688407.90123803
126.3144241,33.3057999,249957.073445465,3688407.99188849
126.3144233,33.3058008,249957.00151007,3688408.09363039
126.3144225,33.3058016,249956.929288993,3688408.18428086
126.3144216,33.3058023,249956.847468921,3688408.26407978
126.3144208,33.3058032,249956.775533528,3688408.36582168
126.3144201,33.305804,249956.712625773,3688408.45623226
126.3144192,33.3058047,249956.630805705,3688408.53603119
126.3144183,33.3058054,249956.548985642,3688408.61583012
126.3144174,33.305806,249956.466879896,3688408.68453762
126.3144165,33.3058068,249956.385345514,3688408.77542797
126.3144157,33.3058076,249956.313124448,3688408.86607845
126.3144148,33.3058082,249956.231018706,3688408.93478595
126.3144139,33.305809,249956.149484331,3688409.02567631
126.3144129,33.3058098,249956.058636641,3688409.11680655
126.3144121,33.3058104,249955.985844217,3688409.18527417
126.3144112,33.3058112,249955.904309844,3688409.27616453
126.3144104,33.305812,249955.832088789,3688409.36681501
126.3144096,33.3058127,249955.75958205,3688409.44637406
126.3144087,33.3058135,249955.678047684,3688409.53726443
126.3144079,33.3058142,249955.605540949,3688409.61682348
126.314407,33.3058149,249955.5237209,3688409.69662241
126.3144061,33.3058157,249955.442186536,3688409.78751278
126.3144052,33.3058165,249955.360652174,3688409.87840314
126.3144045,33.3058173,249955.297744442,3688409.96881374
126.3144036,33.3058179,249955.215638716,3688410.03752126
126.3144027,33.3058187,249955.134104358,3688410.12841162
126.3144019,33.3058192,249955.061026265,3688410.18578783
126.3144008,33.3058198,249954.960293919,3688410.25497511
126.3143999,33.3058203,249954.877902514,3688410.3125912
126.3143992,33.3058209,249954.814423421,3688410.38081895
126.3143983,33.3058216,249954.732603386,3688410.4606179
126.3143974,33.3058222,249954.650497671,3688410.52932542
126.3143965,33.3058228,249954.568391954,3688410.59803293
126.3143956,33.3058235,249954.486571923,3688410.67783188
126.3143947,33.3058241,249954.404466209,3688410.7465394
126.3143937,33.3058246,249954.312761502,3688410.80439538
126.3143927,33.3058252,249954.221342477,3688410.87334279
126.3143918,33.3058258,249954.139236767,3688410.94205032
126.3143909,33.3058263,249954.056845375,3688410.99966641
126.3143899,33.305827,249953.965712037,3688411.07970525
126.3143889,33.3058276,249953.87429302,3688411.14865266
126.3143879,33.3058282,249953.782874002,3688411.21760007
126.3143869,33.3058287,249953.6911693,3688411.27545606
126.3143858,33.3058292,249953.590151287,3688411.33355193
126.3143849,33.3058299,249953.50833127,3688411.41335089
126.3143838,33.3058304,249953.407313262,3688411.47144677
126.3143829,33.3058309,249953.324921877,3688411.52906287
126.3143819,33.3058314,249953.233217181,3688411.58691886
126.3143811,33.3058321,249953.160710481,3688411.66647794
126.31438,33.3058326,249953.059692475,3688411.72457382
126.314379,33.3058332,249952.968273468,3688411.79352124
126.314378,33.3058339,249952.87714015,3688411.87356009
126.3143771,33.3058345,249952.795034457,3688411.94226762
126.3143761,33.3058351,249952.703615454,3688412.01121504
126.3143751,33.3058356,249952.611910766,3688412.06907104
126.3143741,33.3058362,249952.520491765,3688412.13801847
126.314373,33.3058369,249952.420045141,3688412.21829721
126.3143721,33.3058374,249952.33765377,3688412.27591332
126.3143709,33.3058381,249952.227893837,3688412.35643195
126.3143699,33.3058386,249952.136189155,3688412.41428795
126.3143688,33.3058392,249952.035456849,3688412.48347527
126.3143678,33.3058399,249951.944323543,3688412.56351413
126.3143667,33.3058404,249951.843305553,3688412.62161002
126.3143656,33.3058411,249951.742858939,3688412.70188877
126.3143644,33.3058416,249951.632527641,3688412.76022455
126.3143633,33.3058422,249951.531795342,3688412.82941188
126.3143623,33.3058427,249951.440090669,3688412.88726789
126.3143611,33.3058433,249951.330045062,3688412.9566951
126.3143599,33.3058439,249951.219999456,3688413.02612231
126.3143587,33.3058445,249951.109953853,3688413.09554953
126.3143576,33.305845,249951.008935873,3688413.15364543
126.3143565,33.3058456,249950.908203583,3688413.22283276
126.3143553,33.3058462,249950.798157983,3688413.29225998
126.314354,33.3058467,249950.678513387,3688413.35083566
126.3143529,33.3058472,249950.577495412,3688413.40893157
126.3143517,33.3058478,249950.467449817,3688413.47835879
126.3143504,33.3058483,249950.347805224,3688413.53693448
126.3143494,33.305849,249950.256671941,3688413.61697336
126.314348,33.3058496,249950.12799973,3688413.68688036
126.3143469,33.3058502,249950.027267452,3688413.7560677
126.3143456,33.3058507,249949.907622864,3688413.8146434
126.3143442,33.3058512,249949.778664969,3688413.87345898
126.314343,33.3058518,249949.668619384,3688413.94288621
126.3143418,33.3058522,249949.558002421,3688413.9901306
126.3143404,33.3058527,249949.42904453,3688414.04894619
126.3143391,33.3058532,249949.30939995,3688414.10752189
126.3143378,33.3058536,249949.18946968,3688414.15500616
126.3143364,33.3058541,249949.060511791,3688414.21382176
126.3143351,33.3058544,249948.940295833,3688414.25021461
126.3143338,33.305855,249948.820936948,3688414.31988174
126.3143326,33.3058554,249948.710319993,3688414.36712614
126.3143313,33.3058558,249948.59038973,3688414.41461042
126.3143299,33.3058563,249948.461431849,3688414.47342602
126.3143286,33.3058568,249948.341787279,3688414.53200173
126.3143273,33.3058573,249948.22214271,3688414.59057745
126.3143261,33.3058577,249948.111525761,3688414.63782185
126.3143246,33.3058581,249947.972968884,3688414.68578592
126.3143231,33.3058585,249947.834412007,3688414.73375
126.3143218,33.3058588,249947.714196059,3688414.77014287
126.3143203,33.3058592,249947.575639186,3688414.81810695
126.3143189,33.3058595,249947.446109931,3688414.85473971
126.3143175,33.3058599,249947.316866367,3688414.9024639
126.3143162,33.3058602,249947.196650423,3688414.93885677
126.3143149,33.3058606,249947.076720173,3688414.98634108
126.3143134,33.3058609,249946.937877612,3688415.02321374
126.3143122,33.3058612,249946.82697498,3688415.05936673
126.3143108,33.3058615,249946.69744573,3688415.0959995
126.3143095,33.3058618,249946.577229788,3688415.13239238
126.3143083,33.305862,249946.466041464,3688415.15745395
126.314307,33.3058623,249946.345825528,3688415.19384684
126.3143059,33.3058626,249946.244236206,3688415.22975994
126.3143047,33.3058628,249946.133047884,3688415.25482151
126.3143037,33.305863,249946.040486183,3688415.27940329
126.3143027,33.3058633,249945.948210174,3688415.3150765
126.3143018,33.3058634,249945.864676085,3688415.32832697
126.3143007,33.3058637,249945.763086769,3688415.36424007
126.3142999,33.3058638,249945.68886599,3688415.37725065
126.3142989,33.305864,249945.59630429,3688415.40183244
126.314298,33.3058641,249945.512770203,3688415.4150829
126.314297,33.3058644,249945.420494197,3688415.45075612
126.3142962,33.3058645,249945.346273419,3688415.4637667
126.3142952,33.3058647,249945.253711721,3688415.48834849
126.3142943,33.3058649,249945.17046333,3688415.51269039
126.3142933,33.3058651,249945.077901631,3688415.53727218
126.3142923,33.3058653,249944.985339932,3688415.56185398
126.3142912,33.3058654,249944.883179229,3688415.57558424
126.3142902,33.3058656,249944.790617531,3688415.60016604
126.314289,33.3058658,249944.679429215,3688415.62522762
126.3142878,33.305866,249944.568240901,3688415.65028921
126.3142867,33.3058662,249944.466365895,3688415.6751109
126.3142855,33.3058664,249944.355177581,3688415.70017249
126.3142843,33.3058666,249944.243989268,3688415.72523408
126.314283,33.3058668,249944.123487646,3688415.75053557
126.3142818,33.3058671,249944.01258503,3688415.78668859
126.3142805,33.3058673,249943.89208341,3688415.81199008
126.3142792,33.3058675,249943.77158179,3688415.83729157
126.3142778,33.3058677,249943.641766862,3688415.86283296
126.3142765,33.305868,249943.52155094,3688415.89922588
126.3142751,33.3058682,249943.391736013,3688415.92476728
126.3142737,33.3058685,249943.262206782,3688415.9614001
126.3142723,33.3058687,249943.132391857,3688415.98694149
126.3142709,33.305869,249943.00286263,3688416.02357432
126.3142695,33.3058692,249942.873047705,3688416.04911572
126.3142681,33.3058695,249942.74351848,3688416.08574854
126.3142667,33.3058696,249942.613417859,3688416.10019852
126.3142654,33.3058697,249942.492630544,3688416.1144086
126.3142639,33.3058699,249942.353502314,3688416.1401899
126.3142626,33.30587,249942.232715002,3688416.15439999
126.3142612,33.3058701,249942.102614382,3688416.16884997
126.3142599,33.3058702,249941.981827071,3688416.18306006
126.3142586,33.3058703,249941.86103976,3688416.19727015
126.3142573,33.3058706,249941.740823844,3688416.23366309
126.3142561,33.3058707,249941.629349842,3688416.24763329
126.3142549,33.305871,249941.518447239,3688416.28378634
126.3142537,33.3058712,249941.407258937,3688416.30884796
126.3142526,33.3058713,249941.305098246,3688416.32257826
126.3142514,33.3058716,249941.194195645,3688416.35873132
126.3142502,33.3058717,249941.082721644,3688416.37270152
126.3142491,33.3058718,249940.980560952,3688416.38643182
126.3142481,33.3058721,249940.888284968,3688416.42210508
126.314247,33.3058723,249940.786409977,3688416.44692682
126.3142459,33.3058725,249940.684534986,3688416.47174855
126.3142447,33.3058727,249940.573346688,3688416.49681019
126.3142437,33.305873,249940.481070706,3688416.53248345
126.3142424,33.3058732,249940.360569101,3688416.55778499
126.3142412,33.3058734,249940.249380804,3688416.58284663
126.3142399,33.3058736,249940.128879199,3688416.60814816
126.3142387,33.3058739,249940.017976604,3688416.64430123
126.3142374,33.3058742,249939.897760702,3688416.6806942
126.3142359,33.3058744,249939.758632484,3688416.70647554
126.3142345,33.3058747,249939.629103273,3688416.74310841
126.314233,33.305875,249939.490260757,3688416.77998118
126.3142315,33.305875,249939.350561137,3688416.78357968
126.31423,33.3058753,249939.21171862,3688416.82045245
126.3142284,33.3058755,249939.063277097,3688416.8464737
126.3142268,33.3058757,249938.914835574,3688416.87249496
126.314225,33.3058759,249938.747767434,3688416.89899601
126.3142236,33.3058761,249938.617952528,3688416.92453747
126.3142218,33.3058761,249938.450312986,3688416.92885568
126.3142202,33.3058761,249938.301300058,3688416.93269409
126.3142185,33.3058762,249938.143259526,3688416.94786382
126.3142169,33.3058763,249937.994532303,3688416.96279366
126.3142152,33.3058762,249937.835920363,3688416.95578055
126.3142135,33.3058762,249937.677594126,3688416.95985887
126.3142117,33.3058762,249937.509954584,3688416.9641771
126.3142102,33.3058761,249937.369969261,3688416.95668419
126.3142085,33.3058759,249937.211071617,3688416.93857966
126.3142069,33.3058759,249937.062058687,3688416.94241809
126.3142053,33.3058757,249936.91247435,3688416.92407366
126.3142039,33.3058756,249936.781802331,3688416.91634086
126.3142024,33.3058754,249936.641531301,3688416.89775654
126.314201,33.3058752,249936.510573578,3688416.87893232
126.3141996,33.305875,249936.379615854,3688416.8601081
126.3141982,33.305875,249936.249229541,3688416.86346673
126.3141969,33.3058748,249936.127585124,3688416.84440261
126.3141957,33.3058748,249936.015825426,3688416.84728145
126.3141944,33.3058747,249935.894466714,3688416.83930875
126.3141931,33.3058746,249935.773107999,3688416.83133607
126.3141918,33.3058744,249935.651463581,3688416.81227195
126.3141905,33.3058744,249935.530390574,3688416.81539069
126.3141892,33.3058742,249935.408746155,3688416.79632658
126.3141879,33.3058741,249935.287387441,3688416.7883539
126.3141866,33.3058741,249935.166314434,3688416.79147265
126.3141853,33.305874,249935.044955719,3688416.78349997
126.3141839,33.3058739,249934.914283697,3688416.77576719
126.3141825,33.3058737,249934.783325965,3688416.75694299
126.3141811,33.3058735,249934.652368234,3688416.73811879
126.3141797,33.3058733,249934.521410503,3688416.7192946
126.3141782,33.3058732,249934.38142517,3688416.71180174
126.3141768,33.3058729,249934.25018173,3688416.68188612
126.3141754,33.3058728,249934.119509702,3688416.67415335
126.3141739,33.3058725,249933.978952952,3688416.64447764
126.3141724,33.3058722,249933.838396201,3688416.61480193
126.314171,33.305872,249933.707438466,3688416.59597774
126.3141695,33.3058717,249933.566881713,3688416.56630204
126.3141679,33.3058714,249933.417011648,3688416.53686624
126.3141664,33.305871,249933.276169185,3688416.49609911
126.314165,33.3058707,249933.144925737,3688416.4661835
126.3141635,33.3058704,249933.00436898,3688416.43650781
126.314162,33.30587,249932.863526511,3688416.39574068
126.3141606,33.3058696,249932.731997351,3688416.35473366
126.3141591,33.3058693,249932.59144059,3688416.32505796
126.3141577,33.305869,249932.460197135,3688416.29514237
126.3141563,33.3058686,249932.328667972,3688416.25413534
126.3141548,33.3058683,249932.188111208,3688416.22445966
126.3141534,33.305868,249932.056867753,3688416.19454407
126.3141519,33.3058677,249931.916310987,3688416.16486838
126.3141506,33.3058674,249931.794380838,3688416.13471289
126.3141492,33.3058671,249931.663137377,3688416.1047973
126.3141478,33.3058667,249931.531608207,3688416.06379029
126.3141463,33.3058665,249931.391337148,3688416.04520604
126.3141449,33.3058662,249931.260093687,3688416.01529046
126.3141436,33.3058659,249931.138163531,3688415.98513498
126.3141423,33.3058658,249931.0168048,3688415.97716235
126.3141411,33.3058654,249930.903902242,3688415.93567553
126.3141397,33.3058652,249930.772944489,3688415.91685138
126.3141384,33.3058649,249930.651014332,3688415.8866959
126.314137,33.3058646,249930.519770866,3688415.85678033
126.3141357,33.3058644,249930.398126419,3688415.83771628
126.3141344,33.3058641,249930.27619626,3688415.8075608
126.3141331,33.3058638,249930.1542661,3688415.77740533
126.3141316,33.3058635,249930.013709318,3688415.74772967
126.3141305,33.3058632,249929.910405778,3688415.71709438
126.3141291,33.3058629,249929.779162303,3688415.68717882
126.3141277,33.3058627,249929.648204543,3688415.66835469
126.3141264,33.3058625,249929.526560092,3688415.64929065
126.314125,33.3058622,249929.395316617,3688415.6193751
126.3141237,33.3058619,249929.273386451,3688415.58921963
126.3141223,33.3058616,249929.142142973,3688415.55930408
126.3141209,33.3058613,249929.010899498,3688415.52938853
126.3141195,33.305861,249928.879656017,3688415.49947298
126.3141181,33.3058606,249928.748126824,3688415.458466
126.3141166,33.3058603,249928.607570034,3688415.42879037
126.3141151,33.3058599,249928.466727526,3688415.3880233
126.3141137,33.3058595,249928.335198329,3688415.34701633
126.3141122,33.3058591,249928.194355822,3688415.30624928
126.3141107,33.3058587,249928.053513312,3688415.26548222
126.3141091,33.3058583,249927.90335749,3688415.22495508
126.3141076,33.3058579,249927.762514978,3688415.18418803
126.3141058,33.3058574,249927.593446817,3688415.13304928
126.3141043,33.305857,249927.452604302,3688415.09228224
126.3141027,33.3058565,249927.30216276,3688415.04066367
126.3141012,33.305856,249927.161034527,3688414.9888052
126.3140995,33.3058555,249927.001279669,3688414.93742655
126.3140979,33.305855,249926.850838122,3688414.885808
126.3140963,33.3058546,249926.700682289,3688414.84528087
126.3140947,33.3058541,249926.550240736,3688414.79366232
126.3140932,33.3058537,249926.409398211,3688414.75289529
126.3140916,33.3058532,249926.258956657,3688414.70127674
126.3140899,33.3058528,249926.099487505,3688414.66098954
126.3140885,33.3058523,249925.96767257,3688414.60889117
126.3140869,33.3058519,249925.817516728,3688414.56836406
126.3140853,33.3058514,249925.667075165,3688414.51674552
126.3140839,33.305851,249925.535545942,3688414.47573859
126.3140824,33.3058505,249925.394417689,3688414.42388014
126.3140808,33.30585,249925.243976121,3688414.37226161
126.3140793,33.3058495,249925.102847865,3688414.32040317
126.3140778,33.305849,249924.961719608,3688414.26854473
126.3140764,33.3058486,249924.830190377,3688414.22753781
126.3140751,33.3058482,249924.707974457,3688414.18629097
126.3140736,33.3058477,249924.566846193,3688414.13443254
126.3140724,33.3058472,249924.453657863,3688414.08185436
126.3140711,33.3058467,249924.331156222,3688414.0295161
126.3140698,33.3058463,249924.208940295,3688413.98826927
126.3140686,33.3058458,249924.095751961,3688413.9356911
126.3140671,33.3058453,249923.954623691,3688413.88383268
126.3140659,33.3058447,249923.841149635,3688413.82016308
126.3140645,33.3058441,249923.709048955,3688413.75697332
126.3140632,33.3058436,249923.586547303,3688413.70463507
126.3140619,33.305843,249923.463759931,3688413.64120539
126.3140605,33.3058424,249923.331659243,3688413.57801563
126.3140593,33.3058418,249923.218185179,3688413.51434604
126.3140581,33.3058411,249923.104425393,3688413.43958503
126.3140566,33.3058404,249922.96272567,3688413.36554376
126.3140552,33.3058397,249922.830339256,3688413.29126258
126.3140539,33.3058391,249922.707551873,3688413.22783291
126.3140526,33.3058385,249922.584764488,3688413.16440325
126.3140512,33.3058378,249922.452378066,3688413.09012207
126.3140498,33.3058372,249922.320277368,3688413.02693232
126.3140483,33.3058366,249922.178863351,3688412.96398249
126.3140469,33.3058358,249922.046191204,3688412.87860989
126.3140458,33.3058349,249921.941173271,3688412.78142612
126.3140443,33.3058341,249921.799187807,3688412.69629344
126.314043,33.3058332,249921.675543244,3688412.5995895
126.3140419,33.3058323,249921.570525305,3688412.50240573
126.3140404,33.3058315,249921.428539831,3688412.41727306
126.3140393,33.3058306,249921.32352189,3688412.32008929
126.314038,33.3058298,249921.200163037,3688412.23447679
126.3140366,33.305829,249921.067490871,3688412.1491042
126.3140356,33.305828,249920.971500512,3688412.04058909
126.3140346,33.3058271,249920.875795874,3688411.94316541
126.3140336,33.3058263,249920.780376958,3688411.85683316
126.3140325,33.3058253,249920.675073279,3688411.74855797
126.3140316,33.3058245,249920.588967671,3688411.66198581
126.3140304,33.3058236,249920.474636397,3688411.56504196
126.3140297,33.3058228,249920.407157416,3688411.47798996
126.3140287,33.305822,249920.311738487,3688411.39165772
126.3140279,33.305821,249920.234374743,3688411.28266278
126.3140269,33.3058201,249920.13867009,3688411.18523911
126.314026,33.3058192,249920.052278749,3688411.08757552
126.3140252,33.3058184,249919.975486447,3688411.00076344
126.3140244,33.3058176,249919.898694141,3688410.91395136
126.3140236,33.3058169,249919.822187557,3688410.83823071
126.3140226,33.3058161,249919.726768619,3688410.75189847
126.3140218,33.3058152,249919.649690588,3688410.65399496
126.3140209,33.3058144,249919.563584961,3688410.5674228
126.31402,33.3058137,249919.477765057,3688410.49194207
126.3140192,33.3058129,249919.400972745,3688410.40513
126.3140183,33.3058121,249919.314867115,3688410.31855784
126.3140175,33.3058114,249919.238360522,3688410.24283719
126.3140167,33.3058107,249919.161853928,3688410.16711655
126.3140159,33.3058099,249919.085061611,3688410.08030447
126.3140152,33.3058092,249919.01786833,3688410.00434391
126.3140145,33.3058085,249918.950675048,3688409.92838335
126.3140137,33.3058077,249918.873882727,3688409.84157127
126.3140129,33.305807,249918.797376127,3688409.76585063
126.3140121,33.3058063,249918.720869526,3688409.69012999
126.3140113,33.3058056,249918.644362926,3688409.61440935
126.3140104,33.3058048,249918.558257281,3688409.52783719
126.3140094,33.3058039,249918.462552595,3688409.43041354
126.3140086,33.3058031,249918.385760263,3688409.34360147
126.3140077,33.3058022,249918.299368892,3688409.24593789
126.3140067,33.3058013,249918.2036642,3688409.14851424
126.3140057,33.3058003,249918.10767378,3688409.03999915
126.3140047,33.3057995,249918.01225481,3688408.95366692
126.3140037,33.3057984,249917.915978661,3688408.83406042
126.3140026,33.3057974,249917.810674919,3688408.72578526
126.3140016,33.3057964,249917.714684493,3688408.61727017
126.3140006,33.3057953,249917.618408338,3688408.49766367
126.3139996,33.3057941,249917.521846454,3688408.36696574
126.3139985,33.305793,249917.416256977,3688408.24759915
126.3139976,33.3057919,249917.329294132,3688408.12775273
126.3139967,33.3057908,249917.242331287,3688408.0079063
126.3139956,33.3057897,249917.1367418,3688407.88853972
126.3139947,33.3057887,249917.050064677,3688407.77978472
126.3139937,33.3057875,249916.953502779,3688407.6490868
126.3139927,33.3057865,249916.857512332,3688407.54057173
126.3139918,33.3057854,249916.770549474,3688407.4207253
126.313991,33.3057844,249916.693185662,3688407.31173039
126.31399,33.3057835,249916.597480935,3688407.21430675
126.3139891,33.3057826,249916.511089525,3688407.11664319
126.3139881,33.3057817,249916.415384795,3688407.01921955
126.3139872,33.3057808,249916.328993382,3688406.92155599
126.3139863,33.30578,249916.242887696,3688406.83498385
126.3139854,33.3057791,249916.15649628,3688406.73732029
126.3139846,33.3057783,249916.079703908,3688406.65050824
126.3139839,33.3057775,249916.012224856,3688406.56345627
126.3139832,33.3057767,249915.9447458,3688406.4764043
126.3139825,33.305776,249915.877552471,3688406.40044375
126.3139818,33.3057753,249915.810359144,3688406.32448321
126.3139811,33.3057746,249915.743165815,3688406.24852266
126.3139805,33.305774,249915.68557153,3688406.18341363
126.3139799,33.3057733,249915.627691519,3688406.10721316
126.3139793,33.3057726,249915.569811504,3688406.0310127
126.3139785,33.305772,249915.493590578,3688405.9663835
126.3139778,33.3057714,249915.426682972,3688405.90151439
126.3139773,33.3057706,249915.377830547,3688405.81398258
126.3139766,33.3057699,249915.310637211,3688405.73802204
126.313976,33.3057692,249915.252757192,3688405.66182157
126.3139753,33.3057685,249915.185563853,3688405.58586103
126.3139746,33.3057678,249915.118370514,3688405.50990049
126.313974,33.3057672,249915.060776221,3688405.44479146
126.3139732,33.3057664,249914.983983832,3688405.35797941
126.3139726,33.3057656,249914.925818079,3688405.27068752
126.3139719,33.3057649,249914.858624735,3688405.19472699
126.3139713,33.3057642,249914.800744711,3688405.11852653
126.3139707,33.3057634,249914.742578956,3688405.03123464
126.3139701,33.3057625,249914.684127474,3688404.93285132
126.3139696,33.3057617,249914.635275038,3688404.84531951
126.3139691,33.3057608,249914.586136874,3688404.74669627
126.3139686,33.3057599,249914.536998709,3688404.64807304
126.3139682,33.305759,249914.497173865,3688404.54920988
126.3139679,33.3057579,249914.46609088,3688404.42792394
126.3139677,33.305757,249914.444892677,3688404.32858093
126.3139674,33.305756,249914.414095423,3688404.21838642
126.3139673,33.3057551,249914.40221054,3688404.11880349
126.3139673,33.3057541,249914.399353249,3688404.00788922
126.3139674,33.3057532,249914.40609501,3688403.90782644
126.3139674,33.3057523,249914.403523448,3688403.80800359
126.3139675,33.3057514,249914.410265209,3688403.70794082
126.3139677,33.3057505,249914.426320292,3688403.60763812
126.3139676,33.3057498,249914.415006867,3688403.53023805
126.3139676,33.3057489,249914.412435307,3688403.4304152
126.3139676,33.305748,249914.409863746,3688403.33059235
126.3139676,33.3057471,249914.407292185,3688403.23076949
126.3139676,33.3057463,249914.405006354,3688403.14203807
126.3139676,33.3057454,249914.402434793,3688403.04221522
126.3139677,33.3057445,249914.409176556,3688402.94215245
126.3139679,33.3057436,249914.425231641,3688402.84184975
126.3139679,33.3057427,249914.422660081,3688402.7420269
126.313968,33.3057418,249914.429401843,3688402.64196413
126.3139682,33.3057408,249914.445171203,3688402.53057
126.3139681,33.3057399,249914.433286318,3688402.43098707
126.3139683,33.3057388,249914.448769947,3688402.30850152
126.3139685,33.3057377,249914.464253579,3688402.18601597
126.3139687,33.3057367,249914.480022938,3688402.07462185
126.3139688,33.3057357,249914.486478974,3688401.96346765
126.3139688,33.3057347,249914.483621687,3688401.85255337
126.3139689,33.3057337,249914.490077723,3688401.74139917
126.3139689,33.3057326,249914.486934708,3688401.61939346
126.3139687,33.3057315,249914.465165044,3688401.4978676
126.3139686,33.3057304,249914.452708704,3688401.37610182
126.3139685,33.3057294,249914.440538093,3688401.26542746
126.3139684,33.3057283,249914.42808175,3688401.14366168
126.3139681,33.3057273,249914.39728449,3688401.03346717
126.3139679,33.3057262,249914.375514825,3688400.91194131
126.3139677,33.3057253,249914.354316617,3688400.8125983
126.3139676,33.3057243,249914.342146004,3688400.70192394
126.3139674,33.3057234,249914.320947796,3688400.60258094
126.3139671,33.3057225,249914.290436259,3688400.50347786
126.3139669,33.3057216,249914.26923805,3688400.40413485
126.3139668,33.3057208,249914.257638894,3688400.31564335
126.3139665,33.3057199,249914.227127359,3688400.21654027
126.3139662,33.3057192,249914.197187281,3688400.13962004
126.313966,33.3057183,249914.175989068,3688400.04027704
126.3139658,33.3057176,249914.155362318,3688399.96311689
126.3139654,33.3057168,249914.115823182,3688399.87534516
126.3139652,33.3057161,249914.095196428,3688399.79818501
126.313965,33.3057155,249914.074855403,3688399.73211629
126.3139646,33.3057147,249914.035316268,3688399.64434455
126.3139643,33.305714,249914.005376185,3688399.56742433
126.313964,33.3057133,249913.975436104,3688399.4905041
126.3139636,33.3057125,249913.935896965,3688399.40273237
126.3139633,33.3057118,249913.905956883,3688399.32581215
126.313963,33.3057111,249913.8760168,3688399.24889192
126.3139625,33.3057103,249913.827164336,3688399.16136011
126.3139621,33.3057095,249913.787625195,3688399.07358838
126.3139616,33.3057087,249913.738772729,3688398.98605658
126.3139612,33.3057079,249913.699233586,3688398.89828484
126.3139606,33.305707,249913.640782062,3688398.79990153
126.3139601,33.3057062,249913.591929594,3688398.71236973
126.3139595,33.3057053,249913.533478066,3688398.61398642
126.3139588,33.3057044,249913.46571321,3688398.51584303
126.3139582,33.3057035,249913.407261682,3688398.41745972
126.3139575,33.3057026,249913.339496824,3688398.31931633
126.3139568,33.3057015,249913.271160507,3688398.19899009
126.3139561,33.3057006,249913.203395646,3688398.10084671
126.3139552,33.3056997,249913.117004129,3688398.00318317
126.3139543,33.3056987,249913.030326882,3688397.8944282
126.3139534,33.3056977,249912.943649632,3688397.78567324
126.3139526,33.3056967,249912.866285707,3688397.67667835
126.3139517,33.3056956,249912.779322725,3688397.55683196
126.3139506,33.3056947,249912.67430454,3688397.45964827
126.3139496,33.3056935,249912.577742496,3688397.32895038
126.3139486,33.3056925,249912.481751907,3688397.22043534
126.3139477,33.3056915,249912.395074644,3688397.11168038
126.3139468,33.3056904,249912.308111649,3688396.991834
126.313946,33.3056891,249912.229890522,3688396.84956483
126.3139452,33.3056878,249912.151669389,3688396.70729566
126.3139447,33.3056866,249912.101673972,3688396.57539815
126.313944,33.3056853,249912.032766168,3688396.43288906
126.3139433,33.305684,249911.963858361,3688396.29037997
126.3139426,33.3056827,249911.89495055,3688396.14787088
126.313942,33.3056814,249911.835356067,3688396.00512187
126.3139413,33.3056801,249911.766448255,3688395.86261278
126.3139409,33.3056788,249911.725480431,3688395.71938392
126.3139403,33.3056776,249911.666171674,3688395.58772633
126.31394,33.3056762,249911.634231446,3688395.43316612
126.3139395,33.3056749,249911.583950285,3688395.29017718
126.3139391,33.3056737,249911.543268188,3688395.15803975
126.3139387,33.3056725,249911.502586087,3688395.02590231
126.3139382,33.3056713,249911.452590657,3688394.8940048
126.3139379,33.3056701,249911.421221888,3688394.76162744
126.3139377,33.3056689,249911.399166448,3688394.62901016
126.3139374,33.3056678,249911.368083406,3688394.50772423
126.313937,33.3056666,249911.327401303,3688394.37558679
126.3139368,33.3056654,249911.305345862,3688394.24296951
126.3139366,33.3056642,249911.28329042,3688394.11035223
126.3139364,33.3056631,249911.26152071,3688393.98882637
126.3139362,33.3056618,249911.239179533,3688393.84511766
126.313936,33.3056606,249911.21712409,3688393.71250038
126.3139358,33.3056594,249911.195068647,3688393.57988309
126.3139357,33.3056582,249911.182326535,3688393.44702588
126.3139355,33.305657,249911.160271091,3688393.3144086
126.3139351,33.3056556,249911.119017516,3688393.16008831
126.3139349,33.3056543,249911.096676342,3688393.0163796
126.3139347,33.305653,249911.074335162,3688392.87267089
126.3139345,33.3056517,249911.051993985,3688392.72896217
126.313934,33.3056503,249911.001427076,3688392.57488181
126.3139338,33.3056491,249910.979371627,3688392.44226453
126.3139335,33.3056476,249910.947145651,3688392.27661289
126.3139331,33.3056462,249910.905892073,3688392.1222926
126.3139328,33.3056449,249910.874237559,3688391.97882381
126.3139327,33.3056435,249910.860923977,3688391.82378375
126.3139324,33.305642,249910.828697998,3688391.65813211
126.3139323,33.3056406,249910.815384417,3688391.50309204
126.3139321,33.3056392,249910.792757503,3688391.3482919
126.3139319,33.3056378,249910.770130588,3688391.19349176
126.3139319,33.3056364,249910.766130341,3688391.03821177
126.3139319,33.3056351,249910.762415826,3688390.89402321
126.3139318,33.3056338,249910.749387977,3688390.75007458
126.3139317,33.3056324,249910.736074396,3688390.59503451
126.3139316,33.3056311,249910.723046547,3688390.45108588
126.3139317,33.3056299,249910.728931099,3688390.31774882
126.3139317,33.3056286,249910.725216584,3688390.17356025
126.3139318,33.3056274,249910.731101137,3688390.04022319
126.3139317,33.3056262,249910.718359019,3688389.90736599
126.3139317,33.305625,249910.714930237,3688389.77426885
126.3139318,33.3056238,249910.720814791,3688389.64093179
126.3139316,33.3056225,249910.698473605,3688389.49722308
126.3139317,33.3056213,249910.704358159,3688389.36388602
126.3139317,33.30562,249910.700643646,3688389.21969746
126.3139316,33.3056188,249910.687901528,3688389.08684025
126.3139317,33.3056175,249910.693500351,3688388.94241176
126.3139316,33.3056163,249910.680758233,3688388.80955456
126.3139316,33.305615,249910.67704372,3688388.665366
126.3139316,33.3056137,249910.673329207,3688388.52117743
126.3139316,33.3056124,249910.669614693,3688388.37698887
126.3139316,33.3056111,249910.665900181,3688388.23280031
126.3139314,33.3056097,249910.64327326,3688388.07800017
126.3139313,33.3056083,249910.629959678,3688387.92296011
126.3139311,33.305607,249910.60761849,3688387.7792514
126.313931,33.3056056,249910.594304908,3688387.62421133
126.3139307,33.3056042,249910.56236465,3688387.46965112
126.3139302,33.3056027,249910.511511982,3688387.30447933
126.31393,33.3056015,249910.489456524,3688387.17186205
126.3139296,33.3056,249910.447917194,3688387.00645033
126.3139292,33.3055985,249910.406377863,3688386.84103862
126.3139288,33.3055971,249910.36512426,3688386.68671833
126.3139283,33.3055958,249910.314843052,3688386.5437294
126.3139277,33.3055943,249910.254677038,3688386.37879754
126.3139273,33.3055929,249910.213423434,3688386.22447725
126.3139267,33.3055916,249910.153828881,3688386.08172824
126.3139259,33.3055903,249910.07560765,3688385.93945909
126.3139254,33.305589,249910.025326433,3688385.79647016
126.3139247,33.3055877,249909.956418538,3688385.65396108
126.3139242,33.3055864,249909.906137318,3688385.51097215
126.3139236,33.3055851,249909.846542759,3688385.36822314
126.3139228,33.3055839,249909.768607249,3688385.23704542
126.3139222,33.3055827,249909.709298418,3688385.10538784
126.3139214,33.3055815,249909.631362906,3688384.97421012
126.3139205,33.3055803,249909.544114051,3688384.84327232
126.3139196,33.305579,249909.456579462,3688384.7012431
126.3139189,33.3055779,249909.388243016,3688384.58091688
126.3139178,33.3055767,249909.282367473,3688384.45045894
126.313917,33.3055756,249909.204717682,3688384.33037264
126.3139161,33.3055747,249909.118326015,3688384.23270913
126.313915,33.3055736,249909.012736198,3688384.11334262
126.3139142,33.3055726,249908.935372137,3688384.00434776
126.3139131,33.3055717,249908.830353782,3688383.9071641
126.3139122,33.3055709,249908.744247841,3688383.82059202
126.3139115,33.30557,249908.67648285,3688383.72244866
126.3139103,33.3055691,249908.562151148,3688383.62550494
126.3139091,33.3055684,249908.448390912,3688383.55074407
126.3139077,33.3055675,249908.31543252,3688383.4542802
126.3139066,33.3055667,249908.210699887,3688383.36818798
126.3139052,33.305566,249908.078312961,3688383.29390698
126.3139037,33.3055653,249907.936612691,3688383.2198659
126.3139027,33.3055649,249907.842336332,3688383.17789946
126.3139017,33.3055646,249907.748345707,3688383.14702446
126.3139003,33.305564,249907.616244509,3688383.08383488
126.3138991,33.3055635,249907.503055728,3688383.03125688
126.3138978,33.3055631,249907.380839339,3688382.99001024
126.3138961,33.3055627,249907.221369577,3688382.94972331
126.3138949,33.3055623,249907.108466528,3688382.90823674
126.3138931,33.3055619,249906.939683423,3688382.86818975
126.3138914,33.3055615,249906.78021366,3688382.82790282
126.3138901,33.3055611,249906.657997262,3688382.78665619
126.3138889,33.305561,249906.545951415,3688382.77844391
126.3138874,33.3055607,249906.405394069,3688382.74876856
126.3138859,33.3055604,249906.264836722,3688382.71909322
126.3138843,33.3055601,249906.114966029,3688382.68965781
126.3138828,33.3055595,249905.97355147,3688382.62670818
126.3138818,33.3055588,249905.878417888,3688382.55146749
126.3138804,33.3055584,249905.746888139,3688382.51046079
126.3138788,33.305558,249905.596731706,3688382.46993396
126.3138774,33.3055575,249905.464916219,3688382.41783584
126.3138759,33.3055568,249905.323215912,3688382.3437948
126.3138747,33.3055564,249905.210312846,3688382.30230825
126.3138733,33.3055558,249905.078211617,3688382.23911871
126.313872,33.3055552,249904.95542373,3688382.17568924
126.3138708,33.3055546,249904.841949184,3688382.11201984
126.3138696,33.305554,249904.728474637,3688382.04835044
126.3138684,33.3055534,249904.615000088,3688381.98468104
126.3138671,33.3055527,249904.491926456,3688381.91016015
126.3138658,33.3055521,249904.369138561,3688381.84673069
126.3138648,33.3055514,249904.274004956,3688381.77149
126.3138635,33.3055508,249904.151217057,3688381.70806054
126.3138623,33.3055503,249904.038028239,3688381.65548258
126.3138612,33.3055498,249903.934152763,3688381.60266469
126.31386,33.3055493,249903.820963942,3688381.55008673
126.3138588,33.305549,249903.708346598,3688381.51969162
126.3138576,33.3055486,249903.595443514,3688381.47820509
126.3138566,33.3055482,249903.501167117,3688381.4362387
126.3138554,33.3055478,249903.388264031,3688381.39475217
126.313854,33.3055471,249903.255877037,3688381.32047122
126.3138529,33.3055466,249903.152001553,3688381.26765334
126.3138518,33.305546,249903.047840328,3688381.20374403
126.3138505,33.3055456,249902.925623892,3688381.16249744
126.3138495,33.3055451,249902.831061749,3688381.10943962
126.3138483,33.3055444,249902.717301435,3688381.03467882
126.3138471,33.3055439,249902.6041126,3688380.98210087
126.313846,33.3055432,249902.499665628,3688380.90710014
126.3138448,33.3055426,249902.38619105,3688380.84343076
126.3138436,33.305542,249902.27271647,3688380.77976139
126.3138423,33.3055414,249902.149928544,3688380.71633195
126.313841,33.305541,249902.027712099,3688380.67508537
126.3138396,33.3055404,249901.895610825,3688380.61189587
126.3138381,33.3055398,249901.754196202,3688380.54894631
126.3138366,33.3055392,249901.61278158,3688380.48599675
126.3138353,33.3055386,249901.489993646,3688380.42256732
126.3138336,33.3055381,249901.330238071,3688380.37118905
126.313832,33.3055376,249901.17979584,3688380.31957086
126.3138309,33.3055373,249901.076491814,3688380.28893585
126.3138295,33.3055369,249900.944962012,3688380.24792922
126.3138278,33.3055366,249900.785777916,3688380.21873382
126.3138266,33.3055363,249900.673160545,3688380.18833875
126.313825,33.305536,249900.523289789,3688380.15890342
126.3138236,33.305536,249900.392902956,3688380.16226251
126.3138222,33.305536,249900.262516118,3688380.16562159
126.3138211,33.3055361,249900.160355061,3688380.17935231
126.3138196,33.3055362,249900.020940623,3688380.19404276
126.3138184,33.3055363,249899.909466221,3688380.20801342
126.3138171,33.3055366,249899.789249961,3688380.24440686
126.313816,33.3055369,249899.687660392,3688380.28032044
126.3138148,33.305537,249899.576185991,3688380.29429109
126.3138136,33.3055374,249899.465568822,3688380.34153603
126.3138124,33.3055376,249899.354380166,3688380.36659812
126.3138114,33.305538,249899.262389689,3688380.41336319
126.3138105,33.3055383,249899.179426813,3688380.4487969
126.3138096,33.3055387,249899.096749682,3688380.49532204
126.3138086,33.305539,249899.004473466,3688380.53099568
126.3138077,33.3055394,249898.921796336,3688380.57752082
126.3138069,33.3055398,249898.848432552,3688380.62380603
126.3138059,33.3055403,249898.756727827,3688380.68166253
126.3138051,33.3055407,249898.683364044,3688380.72794774
126.3138042,33.3055411,249898.600686918,3688380.77447288
126.3138033,33.3055414,249898.517724048,3688380.80990659
126.3138022,33.3055419,249898.416705978,3688380.86800304
126.3138013,33.3055424,249898.3343146,3688380.92561961
126.3138003,33.3055429,249898.242609877,3688380.98347612
126.3137993,33.3055435,249898.151190903,3688381.05242406
126.3137983,33.3055441,249898.059771929,3688381.121372
126.3137971,33.3055446,249897.949440521,3688381.17970839
126.3137962,33.3055452,249897.867334893,3688381.24841639
126.3137952,33.305546,249897.776487414,3688381.33954719
126.3137942,33.3055467,249897.685354192,3688381.41958657
126.3137931,33.3055473,249897.584621878,3688381.48877445
126.313792,33.3055481,249897.484461062,3688381.58014519
126.3137907,33.3055487,249897.365102062,3688381.64981295
126.3137897,33.3055496,249897.27454034,3688381.75203518
126.3137885,33.3055504,249897.165066183,3688381.84364587
126.3137872,33.3055511,249897.045992936,3688381.92440506
126.3137861,33.305552,249896.946117876,3688382.02686723
126.313785,33.3055529,249896.846242816,3688382.12932941
126.3137839,33.3055538,249896.746367758,3688382.23179159
126.3137829,33.3055547,249896.655806046,3688382.33401383
126.3137815,33.3055554,249896.527419468,3688382.41501297
126.3137803,33.305556,249896.41737383,3688382.4844408
126.313779,33.3055567,249896.298300597,3688382.56520001
126.3137775,33.305557,249896.15945769,3688382.60207338
126.3137759,33.3055576,249896.012158685,3688382.67246097
126.3137745,33.3055583,249895.883772117,3688382.75346012
126.3137729,33.3055587,249895.735901619,3688382.80166486
126.3137716,33.3055592,249895.616256898,3688382.86024122
126.31377,33.3055598,249895.4689579,3688382.93062882
126.3137681,33.3055602,249895.293147379,3688382.97955339
126.3137664,33.3055607,249895.136249291,3688383.03908952
126.3137647,33.3055612,249894.979351205,3688383.09862564
126.3137631,33.3055616,249894.831480716,3688383.1468304
126.3137616,33.3055619,249894.692637822,3688383.18370379
126.31376,33.3055623,249894.544767335,3688383.23190855
126.3137586,33.3055626,249894.415237783,3688383.26854201
126.313757,33.3055628,249894.266795799,3688383.29456392
126.3137556,33.3055631,249894.137266251,3688383.33119738
126.3137542,33.3055632,249894.007165203,3688383.34564799
126.3137529,33.3055633,249893.886377496,3688383.35985865
126.3137516,33.3055634,249893.765589794,3688383.37406931
126.3137503,33.3055636,249893.645087837,3688383.39937141
126.313749,33.3055637,249893.524300133,3688383.41358208
126.3137478,33.3055638,249893.412825772,3688383.42755281
126.3137465,33.3055639,249893.292038068,3688383.44176348
126.3137454,33.305564,249893.189877049,3688383.45549427
126.3137442,33.3055641,249893.078402688,3688383.469465
126.313743,33.3055642,249892.966928328,3688383.48343574
126.313742,33.3055642,249892.873794903,3688383.48583516
126.3137407,33.3055643,249892.753007198,3688383.50004584
126.3137396,33.3055644,249892.650846182,3688383.51377663
126.3137385,33.3055645,249892.548685162,3688383.52750743
126.3137373,33.3055645,249892.43692505,3688383.53038674
126.3137359,33.3055644,249892.306252501,3688383.52265451
126.3137348,33.3055645,249892.204091487,3688383.53638531
126.3137335,33.3055644,249892.082732277,3688383.52841314
126.3137322,33.3055644,249891.961658823,3688383.5315324
126.3137308,33.3055643,249891.830986273,3688383.52380018
126.3137293,33.3055641,249891.690714627,3688383.50521647
126.313728,33.305564,249891.569355416,3688383.49724431
126.3137265,33.3055638,249891.429083769,3688383.47866061
126.3137251,33.3055636,249891.298125464,3688383.45983696
126.3137236,33.3055635,249891.158139569,3688383.45234469
126.313722,33.3055631,249891.007983067,3688383.41181808
126.3137206,33.3055625,249890.875881745,3688383.34862873
126.313719,33.3055622,249890.726010996,3688383.31919355
126.3137174,33.3055617,249890.575568739,3688383.26757552
126.3137161,33.3055612,249890.453066505,3688383.21523766
126.3137146,33.3055605,249890.311366078,3688383.14119683
126.313713,33.30556,249890.160923815,3688383.0895788
126.3137116,33.3055595,249890.029108237,3688383.03748089
126.3137101,33.305559,249889.887979311,3688382.98562292
126.3137085,33.3055584,249889.737251288,3688382.92291347
126.313707,33.305558,249889.596408116,3688382.88214694
126.3137056,33.3055575,249889.464592531,3688382.83004903
126.3137042,33.3055573,249889.333634211,3688382.81122541
126.3137025,33.3055571,249889.174735858,3688382.79312163
126.3137008,33.3055567,249889.015265995,3688382.752835
126.3136992,33.3055564,249888.865395227,3688382.72339985
126.3136976,33.3055561,249888.715524461,3688382.6939647
126.3136959,33.3055559,249888.556626104,3688382.67586093
126.3136943,33.3055557,249888.407041093,3688382.65751722
126.3136927,33.3055555,249888.25745608,3688382.63917351
126.3136911,33.3055555,249888.108442578,3688382.64301265
126.3136895,33.3055557,249887.960000593,3688382.66903466
126.3136879,33.3055558,249887.811272852,3688382.68396524
126.3136863,33.3055561,249887.663116623,3688382.72107868
126.3136848,33.3055563,249887.523987983,3688382.74686075
126.3136833,33.3055565,249887.384859344,3688382.77264282
126.3136817,33.3055568,249887.23670312,3688382.80975626
126.3136802,33.3055573,249887.098431754,3688382.86881262
126.3136788,33.3055579,249886.969759494,3688382.93872047
126.3136773,33.3055584,249886.831488133,3688382.99777683
126.3136756,33.3055589,249886.674590086,3688383.05731309
126.3136743,33.3055595,249886.555231174,3688383.12698099
126.3136731,33.3055605,249886.446328643,3688383.24077466
126.3136718,33.3055611,249886.326969735,3688383.31044256
126.3136703,33.3055616,249886.188698383,3688383.36949893
126.313669,33.3055622,249886.069339478,3688383.43916684
126.3136678,33.3055629,249885.959579678,3688383.51968623
126.3136662,33.3055636,249885.812566505,3688383.60116541
126.3136646,33.305564,249885.664696058,3688383.64937031
126.3136634,33.3055644,249885.554078983,3688383.69661542
126.313662,33.3055649,249885.425120983,3688383.75543185
126.3136605,33.3055651,249885.285992359,3688383.78121395
126.3136591,33.3055655,249885.156748602,3688383.82893896
126.3136576,33.3055658,249885.017905743,3688383.8658125
126.3136562,33.3055661,249884.888376227,3688383.90244608
126.3136547,33.3055664,249884.749533369,3688383.93931962
126.3136534,33.3055667,249884.629317197,3688383.97571326
126.3136521,33.305567,249884.509101024,3688384.0121069
126.3136506,33.3055673,249884.370258169,3688384.04898044
126.3136493,33.3055676,249884.250041999,3688384.08537408
126.3136479,33.3055678,249884.120226727,3688384.11091625
126.3136465,33.305568,249883.990411455,3688384.13645842
126.3136451,33.3055682,249883.860596183,3688384.16200059
126.3136438,33.3055684,249883.740094252,3688384.18730281
126.3136424,33.3055687,249883.610564744,3688384.22393641
126.313641,33.305569,249883.481035237,3688384.26057002
126.3136397,33.3055691,249883.360247547,3688384.27478081
126.3136384,33.3055694,249883.240031383,3688384.31117447
126.3136371,33.3055695,249883.119243695,3688384.32538527
126.3136359,33.3055698,249883.008340874,3688384.36153898
126.3136346,33.30557,249882.88783895,3688384.38684121
126.3136332,33.3055702,249882.758023681,3688384.4123834
126.313632,33.3055705,249882.647120863,3688384.44853711
126.3136308,33.3055706,249882.535646518,3688384.46250796
126.3136296,33.3055708,249882.424457937,3688384.48757025
126.313628,33.3055709,249882.275730225,3688384.50250092
126.3136268,33.305571,249882.164255881,3688384.51647178
126.3136257,33.3055711,249882.06209488,3688384.53020268
126.3136242,33.3055713,249881.922966274,3688384.55598483
126.3136229,33.3055713,249881.801892825,3688384.55910422
126.3136216,33.3055715,249881.681390904,3688384.58440647
126.3136202,33.3055716,249881.551289878,3688384.59885724
126.3136189,33.3055717,249881.430502191,3688384.61306806
126.3136175,33.3055718,249881.300401165,3688384.62751884
126.3136162,33.3055719,249881.179613481,3688384.64172966
126.3136148,33.3055721,249881.04979822,3688384.66727187
126.3136134,33.3055723,249880.91998296,3688384.69281408
126.3136119,33.3055723,249880.780282825,3688384.69641339
126.3136104,33.3055723,249880.640582693,3688384.7000127
126.3136089,33.3055722,249880.500596794,3688384.69252059
126.3136074,33.3055723,249880.361182425,3688384.70721133
126.313606,33.3055723,249880.230795634,3688384.71057069
126.3136043,33.3055722,249880.072183051,3688384.70355849
126.3136027,33.3055723,249879.923455343,3688384.71848919
126.3136012,33.3055723,249879.783755207,3688384.72208852
126.3135997,33.3055724,249879.644340841,3688384.73677927
126.3135981,33.3055724,249879.495327366,3688384.74061855
126.3135964,33.3055723,249879.336714779,3688384.73360636
126.3135948,33.3055724,249879.187987072,3688384.74853708
126.3135934,33.3055723,249879.057314513,3688384.74080503
126.3135917,33.3055724,249878.899273463,3688384.7559757
126.3135904,33.3055723,249878.777914244,3688384.7480037
126.3135889,33.305572,249878.637356806,3688384.71832875
126.3135874,33.3055721,249878.49794244,3688384.73301952
126.3135861,33.305572,249878.37658322,3688384.72504753
126.3135846,33.3055718,249878.236311549,3688384.70646401
126.3135832,33.3055717,249878.105638988,3688384.69873197
126.3135819,33.3055716,249877.984279768,3688384.69075998
126.3135806,33.3055715,249877.862920549,3688384.68278799
126.3135794,33.3055713,249877.750588902,3688384.66348461
126.3135783,33.3055712,249877.647856366,3688384.65503271
126.3135771,33.305571,249877.535524719,3688384.63572934
126.313576,33.305571,249877.433077951,3688384.63836886
126.3135751,33.3055709,249877.348972099,3688384.62943705
126.313574,33.3055709,249877.246525334,3688384.63207658
126.3135732,33.305571,249877.172304363,3688384.64508767
126.3135722,33.3055709,249877.078885168,3688384.63639581
126.3135713,33.3055709,249876.995065086,3688384.63855543
126.3135704,33.3055708,249876.910959235,3688384.62962362
126.3135696,33.3055708,249876.836452494,3688384.63154328
126.3135686,33.3055708,249876.743319069,3688384.63394286
126.3135676,33.3055708,249876.650185643,3688384.63634244
126.3135669,33.3055708,249876.584992245,3688384.63802215
126.3135659,33.3055709,249876.492144592,3688384.65151315
126.3135649,33.3055709,249876.399011167,3688384.65391274
126.3135641,33.305571,249876.324790197,3688384.66692383
126.3135631,33.305571,249876.231656771,3688384.66932341
126.3135622,33.3055709,249876.14755092,3688384.66039161
126.3135611,33.3055709,249876.045104152,3688384.66303115
126.31356,33.3055708,249875.942371611,3688384.65457927
126.3135591,33.3055708,249875.85855153,3688384.6567389
126.3135581,33.3055707,249875.765132333,3688384.64804705
126.3135569,33.3055707,249875.653372222,3688384.65092656
126.3135561,33.3055707,249875.578865481,3688384.65284623
126.3135549,33.3055705,249875.466533827,3688384.63354288
126.313554,33.3055704,249875.382427972,3688384.62461108
126.313553,33.3055704,249875.289294548,3688384.62701067
126.313552,33.3055701,249875.195303806,3688384.59613598
126.313551,33.30557,249875.101884607,3688384.58744415
126.3135501,33.3055701,249875.018350295,3688384.60069521
126.3135493,33.30557,249874.943557783,3688384.59152346
126.3135483,33.3055698,249874.849852812,3688384.57174019
126.3135475,33.3055698,249874.77534607,3688384.57365987
126.3135465,33.3055698,249874.682212643,3688384.57605947
126.3135456,33.3055697,249874.598106785,3688384.56712768
126.3135447,33.3055696,249874.51400093,3688384.55819589
126.3135438,33.3055694,249874.4296093,3688384.53817267
126.313543,33.3055693,249874.354816784,3688384.52900092
126.313542,33.3055692,249874.261397584,3688384.5203091
126.3135413,33.305569,249874.19563264,3688384.49980596
126.3135404,33.3055688,249874.111241008,3688384.47978274
126.3135395,33.3055687,249874.027135151,3688384.47085096
126.3135386,33.3055686,249873.943029292,3688384.46191917
126.3135377,33.3055684,249873.858637659,3688384.44189596
126.3135368,33.3055682,249873.774246026,3688384.42187275
126.3135358,33.305568,249873.680541049,3688384.4020895
126.3135349,33.3055678,249873.596149415,3688384.38206628
126.3135338,33.3055676,249873.493131097,3688384.362523
126.3135328,33.3055673,249873.399140346,3688384.33164832
126.3135318,33.305567,249873.305149593,3688384.30077364
126.3135307,33.3055669,249873.202417046,3688384.29232178
126.3135295,33.3055667,249873.090085381,3688384.27301846
126.3135283,33.3055664,249872.977467941,3688384.24262371
126.3135271,33.3055663,249872.865422049,3688384.23441182
126.3135259,33.3055661,249872.753090383,3688384.2151085
126.3135246,33.305566,249872.631731147,3688384.20713657
126.3135234,33.3055658,249872.51939948,3688384.18783325
126.313522,33.3055656,249872.388441125,3688384.16900986
126.3135207,33.3055655,249872.267081886,3688384.16103794
126.3135193,33.3055653,249872.136123531,3688384.14221455
126.3135179,33.3055653,249872.005736726,3688384.14557402
126.3135166,33.3055652,249871.884377489,3688384.13760211
126.3135152,33.305565,249871.753419132,3688384.11877872
126.3135137,33.3055651,249871.614004759,3688384.13346959
126.3135122,33.305565,249871.474018832,3688384.12597761
126.3135107,33.3055649,249871.334032907,3688384.11848562
126.3135092,33.3055648,249871.194046982,3688384.11099364
126.3135077,33.3055647,249871.054061056,3688384.10350166
126.3135061,33.3055646,249870.904761784,3688384.09624964
126.3135047,33.3055644,249870.773803424,3688384.07742627
126.3135031,33.3055642,249870.624218376,3688384.05908283
126.3135017,33.305564,249870.493260014,3688384.04025946
126.3135001,33.3055637,249870.343389186,3688384.0108246
126.3134985,33.3055635,249870.193804133,3688383.99248116
126.313497,33.3055633,249870.053532426,3688383.97389777
126.3134956,33.3055632,249869.922859839,3688383.96616584
126.313494,33.3055631,249869.773560566,3688383.95891384
126.3134925,33.305563,249869.633574632,3688383.95142188
126.3134911,33.3055629,249869.502902045,3688383.94368995
126.3134897,33.305563,249869.372801013,3688383.95814089
126.3134884,33.3055632,249869.252299104,3688383.98344329
126.3134869,33.3055634,249869.113170509,3688384.00922563
126.3134855,33.3055637,249868.983641037,3688384.04585943
126.3134842,33.3055641,249868.863710688,3688384.09334469
126.3134828,33.3055646,249868.734752776,3688384.15216136
126.3134814,33.3055649,249868.605223304,3688384.18879516
126.3134802,33.3055655,249868.495177861,3688384.25822333
126.3134791,33.3055661,249868.394445762,3688384.32741153
126.3134778,33.3055667,249868.275086978,3688384.39707966
126.3134765,33.3055674,249868.156013976,3688384.47783922
126.3134755,33.3055681,249868.064881005,3688384.55787889
126.3134744,33.305569,249867.965006255,3688384.66034138
126.3134734,33.3055699,249867.874444847,3688384.76256391
126.3134724,33.3055709,249867.78416922,3688384.87587787
126.3134715,33.3055718,249867.702921161,3688384.97786043
126.3134706,33.3055728,249867.621958882,3688385.09093443
126.3134699,33.3055738,249867.559623292,3688385.20352849
126.3134692,33.3055748,249867.497287702,3688385.31612255
126.3134686,33.3055761,249867.445122797,3688385.46175093
126.3134679,33.3055772,249867.383072993,3688385.58543642
126.313467,33.3055783,249867.302396505,3688385.70960185
126.3134666,33.3055794,249867.26828673,3688385.83256744
126.3134659,33.3055806,249867.20652271,3688385.96734436
126.3134654,33.3055818,249867.163385377,3688386.10164135
126.3134649,33.3055829,249867.119962261,3688386.22484691
126.3134644,33.3055841,249867.076824931,3688386.3591439
126.3134641,33.3055853,249867.052314284,3688386.49296096
126.3134636,33.3055865,249867.009176954,3688386.62725795
126.3134633,33.3055876,249866.984380528,3688386.74998358
126.313463,33.3055889,249866.960155665,3688386.89489206
126.3134626,33.3055901,249866.926331679,3688387.02894908
126.3134623,33.3055913,249866.901821037,3688387.16276614
126.3134619,33.3055925,249866.867997056,3688387.29682316
126.3134616,33.3055937,249866.843486413,3688387.43064022
126.3134612,33.3055949,249866.809662434,3688387.56469724
126.3134609,33.3055962,249866.785437577,3688387.70960573
126.3134606,33.3055972,249866.760355376,3688387.82123993
126.3134603,33.3055985,249866.736130522,3688387.96614842
126.31346,33.3055997,249866.711619884,3688388.09996547
126.3134596,33.305601,249866.678081691,3688388.24511393
126.313459,33.3056022,249866.625631037,3688388.37965089
126.3134584,33.3056034,249866.573180387,3688388.51418785
126.3134579,33.3056046,249866.530043078,3688388.64848484
126.3134572,33.3056058,249866.46827909,3688388.78326177
126.3134563,33.305607,249866.387888426,3688388.91851864
126.3134555,33.3056081,249866.316525323,3688389.04244411
126.3134548,33.3056093,249866.254761341,3688389.17722104
126.313454,33.3056104,249866.18339824,3688389.30114651
126.313453,33.3056116,249866.093694246,3688389.43664334
126.3134521,33.3056129,249866.013589379,3688389.58299164
126.3134512,33.3056138,249865.93234138,3688389.68497423
126.3134502,33.305615,249865.842637395,3688389.82047107
126.3134491,33.305616,249865.743048507,3688389.93402502
126.313448,33.305617,249865.643459622,3688390.04757897
126.3134467,33.3056179,249865.52495828,3688390.15052143
126.3134456,33.3056188,249865.425083617,3688390.25298396
126.3134445,33.3056197,249865.325208955,3688390.35544648
126.3134434,33.3056206,249865.225334295,3688390.45790901
126.3134423,33.3056215,249865.125459638,3688390.56037154
126.3134412,33.3056224,249865.025584982,3688390.66283407
126.3134402,33.3056233,249864.935023669,3688390.76505663
126.3134392,33.305624,249864.843890786,3688390.84509633
126.3134381,33.3056248,249864.743730352,3688390.93646743
126.313437,33.3056255,249864.643284135,3688391.01674711
126.313436,33.3056261,249864.551865473,3688391.08569539
126.313435,33.3056267,249864.460446811,3688391.15464366
126.3134339,33.3056274,249864.360000599,3688391.23492334
126.313433,33.305628,249864.277895279,3688391.30363165
126.313432,33.3056285,249864.186190836,3688391.3614885
126.313431,33.3056291,249864.094772178,3688391.43043678
126.3134301,33.3056295,249864.01209529,3688391.47696224
126.3134292,33.30563,249863.929704187,3688391.53457912
126.3134282,33.3056304,249863.837713963,3688391.58134454
126.3134274,33.3056309,249863.764636198,3688391.63872145
126.3134264,33.3056313,249863.672645978,3688391.68548688
126.3134254,33.3056317,249863.580655756,3688391.73225231
126.3134245,33.3056319,249863.497407299,3688391.75659491
126.3134235,33.3056322,249863.405131293,3688391.7922689
126.3134225,33.3056326,249863.313141076,3688391.83903433
126.3134214,33.3056328,249863.211265946,3688391.86385688
126.3134204,33.305633,249863.118704157,3688391.88843945
126.3134192,33.3056333,249863.007801481,3688391.92459339
126.3134182,33.3056335,249862.915239691,3688391.94917597
126.3134169,33.3056337,249862.794737894,3688391.97447846
126.3134157,33.3056339,249862.683549432,3688391.99954098
126.3134144,33.3056338,249862.562190274,3688391.99156918
126.3134131,33.3056339,249862.44140269,3688392.00578025
126.3134118,33.305634,249862.320615104,3688392.01999131
126.3134106,33.305634,249862.208855069,3688392.02287098
126.3134092,33.305634,249862.078468363,3688392.02623059
126.3134078,33.3056338,249861.94751008,3688392.00740735
126.3134065,33.3056336,249861.825865133,3688391.98834413
126.3134051,33.3056335,249861.695192637,3688391.98061232
126.3134037,33.3056332,249861.563948562,3688391.95069765
126.3134024,33.3056329,249861.442017827,3688391.920543
126.3134011,33.3056326,249861.320087086,3688391.89038836
126.3133998,33.3056323,249861.198156347,3688391.86023372
126.3133985,33.3056319,249861.075939818,3688391.81898766
126.3133973,33.3056315,249860.963036625,3688391.77750162
126.3133962,33.3056311,249860.859446766,3688391.73577561
126.313395,33.3056307,249860.746543571,3688391.69428957
126.313394,33.3056303,249860.652267049,3688391.65232359
126.3133929,33.3056298,249860.548391397,3688391.59950615
126.3133919,33.3056295,249860.454400663,3688391.5686316
126.3133908,33.305629,249860.350525008,3688391.51581416
126.3133898,33.3056285,249860.255962693,3688391.46275675
126.3133889,33.3056281,249860.170999502,3688391.4205508
126.313388,33.3056277,249860.086036312,3688391.37834485
126.3133868,33.3056272,249859.972847318,3688391.32576739
126.313386,33.3056267,249859.896911668,3688391.27223004
126.3133849,33.3056262,249859.793036011,3688391.21941261
126.3133839,33.3056256,249859.698187898,3688391.15526377
126.313383,33.3056251,249859.612938911,3688391.1019664
126.313382,33.3056245,249859.518090795,3688391.03781756
126.313381,33.3056238,249859.422956889,3688390.9625773
126.3133801,33.305623,249859.336850527,3688390.87600564
126.3133791,33.3056223,249859.241716616,3688390.80076538
126.3133783,33.3056217,249859.165495169,3688390.7361366
126.3133773,33.3056208,249859.069789674,3688390.63871348
126.3133764,33.30562,249858.983683306,3688390.55214182
126.3133756,33.3056192,249858.906890275,3688390.46533018
126.3133748,33.3056181,249858.829239868,3688390.34524426
126.3133741,33.3056171,249858.761188591,3688390.23600979
126.3133735,33.3056161,249858.702450648,3688390.12653534
126.3133729,33.3056149,249858.643141123,3688389.99487804
126.3133723,33.3056137,249858.583831595,3688389.86322073
126.3133719,33.3056125,249858.543148744,3688389.73108347
126.3133717,33.3056112,249858.520806778,3688389.58737484
126.3133714,33.30561,249858.489437262,3688389.45499761
126.3133713,33.3056087,249858.476408634,3688389.311049
126.3133712,33.3056075,249858.463665797,3688389.17819181
126.3133712,33.3056062,249858.459950508,3688389.03400322
126.3133714,33.3056051,249858.475433481,3688388.91151755
126.3133715,33.3056038,249858.481031534,3688388.76708898
126.3133717,33.3056026,249858.496228716,3688388.63351187
126.313372,33.3056013,249858.520453447,3688388.48860336
126.313372,33.3056001,249858.517023951,3688388.3555062
126.3133744,33.3056015,249858.744545185,3688388.50502681
126.3133743,33.3056002,249858.731516561,3688388.36107819
126.3133745,33.305599,249858.746713748,3688388.22750109
126.3133747,33.3055978,249858.761910935,3688388.09392398
126.3133747,33.3055967,249858.758767234,3688387.97191825
126.3133748,33.3055957,249858.765222664,3688387.86076398
126.313375,33.3055947,249858.780991435,3688387.74936973
126.3133754,33.3055936,249858.815101098,3688387.6264041
126.3133756,33.3055926,249858.83086987,3688387.51500985
126.3133758,33.3055918,249858.847210224,3688387.42579846
126.313376,33.305591,249858.863550579,3688387.33658707
126.3133762,33.3055901,249858.879605143,3688387.23628425
126.3133765,33.3055892,249858.904973051,3688387.13574146
126.3133768,33.3055884,249858.930626748,3688387.0462901
126.313377,33.3055876,249858.946967104,3688386.95707871
126.3133774,33.3055868,249858.981934143,3688386.86738737
126.3133777,33.3055859,249859.007302053,3688386.76684458
126.3133779,33.3055851,249859.023642411,3688386.67763319
126.3133783,33.3055844,249859.058895243,3688386.59903328
126.3133787,33.3055835,249859.093576496,3688386.49825051
126.3133792,33.3055826,249859.13757109,3688386.39722777
126.3133796,33.3055819,249859.172823924,3688386.31862786
126.3133802,33.305581,249859.226131863,3688386.21736515
126.3133807,33.30558,249859.269840669,3688386.10525097
126.3133814,33.3055791,249859.332461954,3688386.00374828
126.313382,33.3055781,249859.385484104,3688385.89139414
126.3133827,33.3055772,249859.448105391,3688385.78989145
126.3133835,33.3055762,249859.519754232,3688385.67705736
126.3133844,33.3055753,249859.601002204,3688385.57507472
126.3133853,33.3055744,249859.68225018,3688385.47309208
126.3133862,33.3055735,249859.763498158,3688385.37110945
126.3133872,33.3055726,249859.854059478,3688385.26888684
126.3133882,33.3055717,249859.944620805,3688385.16666423
126.3133893,33.3055708,249860.044495472,3688385.06420165
126.3133904,33.3055699,249860.144370145,3688384.96173907
126.3133916,33.3055692,249860.25412974,3688384.88121938
126.3133927,33.3055684,249860.354290202,3688384.78984823
126.3133938,33.3055677,249860.454736457,3688384.70956851
126.3133949,33.305567,249860.555182714,3688384.6292888
126.3133959,33.3055661,249860.645744052,3688384.5270662
126.3133968,33.3055654,249860.727563625,3688384.44726643
126.3133978,33.305565,249860.819553908,3688384.40050098
126.3133988,33.3055643,249860.910686827,3688384.32046124
126.3133997,33.3055637,249860.99279219,3688384.25175291
126.3134004,33.3055631,249861.056270869,3688384.18352452
126.3134013,33.3055626,249861.138662022,3688384.12590761
126.3134022,33.305562,249861.220767391,3688384.05719928
126.3134031,33.3055614,249861.302872761,3688383.98849095
126.3134039,33.3055609,249861.375950575,3688383.93111402
126.3134047,33.3055604,249861.449028391,3688383.87373709
126.3134055,33.3055599,249861.522106205,3688383.81636016
126.3134065,33.3055593,249861.613524923,3688383.74741186
126.3134074,33.3055589,249861.696201872,3688383.70088639
126.3134083,33.3055584,249861.778593035,3688383.6432695
126.3134091,33.3055578,249861.851385066,3688383.57480114
126.3134101,33.3055572,249861.942803788,3688383.50585284
126.313411,33.3055568,249862.025480741,3688383.45932738
126.313412,33.3055562,249862.116899466,3688383.39037908
126.3134129,33.3055557,249862.199290634,3688383.33276219
126.313414,33.3055552,249862.30030849,3688383.27466535
126.3134151,33.3055546,249862.401040563,3688383.20547709
126.313416,33.305554,249862.483145948,3688383.13676877
126.3134171,33.3055534,249862.583878023,3688383.0675805
126.3134181,33.3055529,249862.675582541,3688383.00972364
126.3134192,33.3055524,249862.776600405,3688382.95162681
126.3134203,33.3055519,249862.87761827,3688382.89352998
126.3134214,33.3055513,249862.978350349,3688382.82434172
126.3134225,33.3055507,249863.079082433,3688382.75515346
126.3134236,33.3055502,249863.180100299,3688382.69705664
126.313425,33.3055496,249863.308772419,3688382.62714847
126.3134261,33.305549,249863.409504508,3688382.55796022
126.313427,33.3055486,249863.492181473,3688382.51143476
126.3134281,33.3055482,249863.593485132,3688382.46442937
126.3134292,33.3055477,249863.694503006,3688382.40633255
126.3134301,33.3055473,249863.777179976,3688382.3598071
126.3134311,33.3055469,249863.869170292,3688382.31304168
126.313432,33.3055464,249863.95156148,3688382.25542481
126.3134328,33.305546,249864.024925104,3688382.20913933
126.3134338,33.3055458,249864.117486992,3688382.18455677
126.3134347,33.3055454,249864.200163965,3688382.13803132
126.3134357,33.305545,249864.292154285,3688382.09126591
126.3134368,33.3055446,249864.393457952,3688382.04426052
126.3134379,33.3055441,249864.494475833,3688381.98616371
126.313439,33.3055437,249864.595779504,3688381.93915833
126.31344,33.3055433,249864.687769825,3688381.89239292
126.3134411,33.305543,249864.789359278,3688381.85647897
126.3134423,33.3055426,249864.899976295,3688381.80923362
126.3134434,33.3055421,249865.000994183,3688381.75113682
126.3134446,33.3055417,249865.111611202,3688381.70389147
126.3134458,33.3055414,249865.222514005,3688381.66773756
126.3134469,33.3055409,249865.323531897,3688381.60964076
126.3134481,33.3055405,249865.434148918,3688381.56239542
126.3134492,33.3055402,249865.535738377,3688381.52648148
126.3134504,33.3055398,249865.646355401,3688381.47923614
126.3134514,33.3055395,249865.738631516,3688381.44356217
126.3134526,33.3055391,249865.849248541,3688381.39631683
126.3134537,33.3055388,249865.950838003,3688381.36040289
126.3134546,33.3055385,249866.033800774,3688381.32496889
126.3134557,33.3055382,249866.135390237,3688381.28905496
126.3134568,33.3055379,249866.236979699,3688381.25314102
126.3134578,33.3055376,249866.329255818,3688381.21746706
126.3134589,33.3055373,249866.430845284,3688381.18155313
126.31346,33.305537,249866.53243475,3688381.1456392
126.3134611,33.3055368,249866.634309998,3688381.1208167
126.3134623,33.3055365,249866.745212812,3688381.0846628
126.3134634,33.3055363,249866.847088061,3688381.0598403
126.3134647,33.305536,249866.967304222,3688381.02344644
126.3134657,33.3055358,249867.059866126,3688380.99886391
126.3134669,33.3055356,249867.171054723,3688380.97380145
126.3134683,33.3055352,249867.300298453,3688380.9260762
126.3134696,33.305535,249867.420800397,3688380.90077378
126.3134709,33.3055348,249867.541302342,3688380.87547135
126.3134722,33.3055345,249867.66151851,3688380.8390775
126.3134735,33.3055344,249867.782306237,3688380.82486651
126.3134749,33.3055342,249867.91212153,3688380.79932413
126.3134762,33.305534,249868.032623477,3688380.77402171
126.3134776,33.305534,249868.163010331,3688380.77066219
126.313479,33.305534,249868.293397184,3688380.76730267
126.3134803,33.3055341,249868.41475647,3688380.77527454
126.3134817,33.3055341,249868.545143323,3688380.77191502
126.3134831,33.3055342,249868.675815958,3688380.77964694
126.3134844,33.3055343,249868.797175243,3688380.78761882
126.3134857,33.3055342,249868.91796297,3688380.77340784
126.3134869,33.3055343,249869.030008909,3688380.78161969
126.3134883,33.3055343,249869.160395761,3688380.77826018
126.3134896,33.3055344,249869.281755046,3688380.78623207
126.3134908,33.3055345,249869.393800983,3688380.79444392
126.3134922,33.3055346,249869.524473613,3688380.80217584
126.3134935,33.3055347,249869.645832899,3688380.81014773
126.3134948,33.3055349,249869.76747796,3688380.82921106
126.3134961,33.305535,249869.88883724,3688380.83718295
126.3134974,33.305535,249870.009910747,3688380.83406342
126.3134988,33.3055353,249870.14115493,3688380.86397821
126.3135001,33.3055355,249870.262799989,3688380.88304154
126.3135014,33.3055357,249870.384445047,3688380.90210487
126.3135028,33.3055358,249870.515117674,3688380.9098368
126.3135041,33.305536,249870.636762733,3688380.92890014
126.3135055,33.3055362,249870.767721135,3688380.94772351
126.3135068,33.3055365,249870.889651968,3688380.97787827
126.3135081,33.3055366,249871.011011246,3688380.98585018
126.3135094,33.3055368,249871.132656301,3688381.00491352
126.3135108,33.305537,249871.263614701,3688381.02373689
126.3135121,33.3055372,249871.385259754,3688381.04280024
126.3135134,33.3055375,249871.507190582,3688381.07295501
126.3135147,33.3055378,249871.62912141,3688381.10310978
126.3135159,33.305538,249871.741453115,3688381.12241309
126.3135172,33.3055382,249871.863098168,3688381.14147644
126.3135185,33.3055385,249871.985028993,3688381.17163122
126.3135197,33.3055387,249872.097360697,3688381.19093453
126.3135211,33.3055388,249872.228033316,3688381.19866649
126.3135224,33.305539,249872.349678364,3688381.21772984
126.3135235,33.3055393,249872.452982495,3688381.24836455
126.3135248,33.3055394,249872.574341767,3688381.25633648
126.313526,33.3055395,249872.686387693,3688381.26454837
126.3135273,33.3055396,249872.807746965,3688381.2725203
126.3135285,33.3055396,249872.919507117,3688381.26964076
126.3135297,33.3055397,249873.031553042,3688381.27785266
126.3135309,33.3055398,249873.143598967,3688381.28606455
126.3135321,33.3055399,249873.255644892,3688381.29427645
126.3135333,33.30554,249873.367690816,3688381.30248835
126.3135346,33.3055402,249873.48933586,3688381.32155172
126.3135359,33.3055404,249873.610980903,3688381.34061508
126.3135372,33.3055405,249873.732340172,3688381.34858703
126.3135384,33.3055405,249873.844100322,3688381.3457075
126.3135397,33.3055408,249873.966031138,3688381.3758623
126.3135411,33.3055409,249874.096703749,3688381.38359429
126.3135423,33.3055411,249874.209035444,3688381.40289762
126.3135436,33.3055413,249874.330680486,3688381.421961
126.3135449,33.3055414,249874.452039753,3688381.42993295
126.3135461,33.3055415,249874.564085674,3688381.43814486
126.3135473,33.3055416,249874.676131594,3688381.44635678
126.3135487,33.3055417,249874.806804205,3688381.45408877
126.31355,33.3055418,249874.92816347,3688381.46206073
126.3135512,33.305542,249875.040495162,3688381.48136407
126.3135525,33.305542,249875.161568655,3688381.4782446
126.3135539,33.3055422,249875.292527038,3688381.49706803
126.3135552,33.3055423,249875.4138863,3688381.50504
126.3135565,33.3055425,249875.535531337,3688381.52410339
126.3135578,33.3055425,249875.656604829,3688381.52098393
126.3135591,33.3055427,249875.778249863,3688381.54004732
126.3135605,33.3055429,249875.909208241,3688381.55887076
126.3135617,33.305543,249876.021254158,3688381.56708269
126.313563,33.305543,249876.142327649,3688381.56396323
126.3135642,33.3055431,249876.254373565,3688381.57217516
126.3135655,33.3055433,249876.376018597,3688381.59123857
126.313567,33.3055434,249876.51600455,3688381.59873062
126.3135683,33.3055435,249876.63736381,3688381.6067026
126.3135696,33.3055436,249876.75872307,3688381.61467458
126.3135707,33.3055436,249876.86116987,3688381.61203505
126.313572,33.3055437,249876.982529129,3688381.62000703
126.313573,33.3055439,249877.076234122,3688381.63979031
126.3135743,33.305544,249877.197593381,3688381.6477623
126.3135754,33.3055441,249877.300325949,3688381.6562142
126.3135767,33.3055442,249877.421685207,3688381.66418618
126.3135778,33.3055443,249877.524417775,3688381.67263809
126.3135789,33.3055444,249877.62715034,3688381.68108999
126.3135799,33.3055445,249877.720569562,3688381.68978185
126.3135811,33.3055447,249877.832901242,3688381.70908523
126.3135822,33.3055447,249877.93534804,3688381.70644571
126.3135832,33.3055447,249878.028481493,3688381.70404614
126.3135843,33.3055448,249878.131214059,3688381.71249805
126.3135854,33.3055448,249878.233660857,3688381.70985853
126.3135866,33.3055449,249878.345706767,3688381.71807049
126.3135876,33.3055448,249878.438554452,3688381.7045795
126.3135887,33.3055448,249878.541001249,3688381.70193998
126.3135898,33.3055448,249878.643448047,3688381.69930047
126.3135908,33.3055447,249878.736295732,3688381.68580948
126.313592,33.3055447,249878.848055874,3688381.68293001
126.3135931,33.3055446,249878.950216904,3688381.66919907
126.3135942,33.3055446,249879.0526637,3688381.66655956
126.3135953,33.3055445,249879.154824732,3688381.65282862
126.3135965,33.3055444,249879.266299108,3688381.63885773
126.3135975,33.3055443,249879.359146792,3688381.62536675
126.3135988,33.3055443,249879.480220279,3688381.62224733
126.3135999,33.3055442,249879.58238131,3688381.6085164
126.3136011,33.3055441,249879.693855687,3688381.59454551
126.3136022,33.305544,249879.796016721,3688381.58081458
126.3136033,33.3055438,249879.897891984,3688381.55599222
126.3136046,33.3055437,249880.018679708,3688381.54178138
126.3136057,33.3055435,249880.120554972,3688381.51695903
126.3136069,33.3055434,249880.23202935,3688381.50298814
126.3136081,33.3055432,249880.343217962,3688381.47792583
126.3136091,33.305543,249880.435779885,3688381.45334344
126.3136104,33.3055429,249880.556567608,3688381.4391326
126.3136116,33.3055427,249880.667756222,3688381.4140703
126.3136127,33.3055424,249880.769345725,3688381.37815652
126.3136137,33.3055423,249880.862193414,3688381.36466555
126.313615,33.3055421,249880.982695374,3688381.3393633
126.3136162,33.3055419,249881.09388399,3688381.314301
126.3136172,33.3055416,249881.18616015,3688381.27862718
126.3136184,33.3055414,249881.297348767,3688381.25356488
126.3136196,33.3055411,249881.408251619,3688381.21741116
126.3136207,33.3055409,249881.510126891,3688381.19258881
126.3136218,33.3055405,249881.611430635,3688381.14558362
126.3136229,33.3055402,249881.713020144,3688381.10966985
126.3136241,33.30554,249881.824208763,3688381.08460756
126.3136254,33.3055397,249881.944424964,3688381.04821388
126.3136265,33.3055394,249882.046014475,3688381.01230012
126.3136277,33.3055391,249882.156917332,3688380.9761464
126.3136288,33.3055388,249882.258506845,3688380.94023264
126.31363,33.3055386,249882.369695467,3688380.91517035
126.3136312,33.3055383,249882.480598326,3688380.87901664
126.3136324,33.305538,249882.591501186,3688380.84286293
126.3136336,33.3055376,249882.702118284,3688380.79561779
126.3136347,33.3055373,249882.8037078,3688380.75970404
126.3136358,33.3055369,249882.905011554,3688380.71269885
126.313637,33.3055365,249883.015628654,3688380.66545372
126.3136381,33.305536,249883.116646647,3688380.60735711
126.3136392,33.3055357,249883.218236164,3688380.57144336
126.3136403,33.3055352,249883.319254162,3688380.51334675
126.3136414,33.3055347,249883.420272156,3688380.45525014
126.3136426,33.3055343,249883.530889261,3688380.40800501
126.3136437,33.3055338,249883.63190726,3688380.3499084
126.3136448,33.3055332,249883.7326395,3688380.28072037
126.313646,33.3055327,249883.842970848,3688380.22238382
126.3136471,33.305532,249883.943417325,3688380.14210436
126.3136481,33.3055314,249884.034836221,3688380.07315628
126.3136491,33.3055307,249884.125969357,3688379.99311677
126.3136502,33.3055301,249884.226701602,3688379.92392875
126.3136513,33.3055294,249884.327148087,3688379.84364929
126.3136524,33.3055287,249884.427594575,3688379.76336984
126.3136535,33.3055279,249884.527755303,3688379.67199896
126.3136546,33.3055271,249884.627916033,3688379.58062808
126.3136556,33.3055264,249884.719049178,3688379.50058858
126.3136567,33.3055256,249884.819209909,3688379.4092177
126.3136577,33.3055246,249884.909485777,3688379.29590392
126.3136588,33.3055238,249885.009646515,3688379.20453304
126.3136598,33.3055228,249885.099922387,3688379.09121926
126.3136605,33.3055219,249885.162543977,3688378.98971675
126.3136613,33.3055209,249885.234193158,3688378.87688287
126.3136622,33.3055199,249885.315155689,3688378.76380904
126.3136631,33.305519,249885.396403981,3688378.66182664
126.3136639,33.3055179,249885.467767406,3688378.53790133
126.3136645,33.3055168,249885.520504139,3688378.41445592
126.3136653,33.3055159,249885.592439087,3688378.31271347
126.3136661,33.305515,249885.66437404,3688378.21097102
126.3136668,33.3055139,249885.726424124,3688378.08728567
126.3136675,33.3055127,249885.788188451,3688377.95250888
126.3136681,33.3055116,249885.840925192,3688377.82906347
126.3136688,33.3055105,249885.902975284,3688377.70537812
126.3136696,33.3055093,249885.974052964,3688377.57036139
126.3136702,33.3055082,249886.02678971,3688377.44691598
126.3136708,33.3055072,249886.079812215,3688377.334562
126.3136714,33.3055059,249886.131977446,3688377.18893374
126.313672,33.3055048,249886.184714195,3688377.06548834
126.3136728,33.3055036,249886.255791887,3688376.93047161
126.3136735,33.3055026,249886.318127747,3688376.81787768
126.3136742,33.3055015,249886.380177852,3688376.69419233
126.313675,33.3055004,249886.451541308,3688376.57026703
126.3136757,33.3054993,249886.513591417,3688376.44658168
126.3136764,33.3054982,249886.575641525,3688376.32289633
126.3136772,33.305497,249886.646719229,3688376.1878796
126.3136779,33.305496,249886.709055098,3688376.07528568
126.3136786,33.3054949,249886.771105214,3688375.95160034
126.3136794,33.3054938,249886.842468679,3688375.82767504
126.31368,33.3054927,249886.895205448,3688375.70422964
126.3136808,33.3054914,249886.965997404,3688375.55812149
126.3136816,33.3054904,249887.037646633,3688375.44528762
126.3136824,33.3054892,249887.10872435,3688375.3102709
126.313683,33.3054882,249887.161746881,3688375.19791693
126.3136839,33.3054871,249887.242423711,3688375.07375169
126.3136849,33.305486,249887.332413894,3688374.94934651
126.3136858,33.3054849,249887.413090728,3688374.82518127
126.3136867,33.3054839,249887.494053321,3688374.71210746
126.3136875,33.3054828,249887.565416806,3688374.58818217
126.3136884,33.3054818,249887.646379403,3688374.47510837
126.3136893,33.3054807,249887.727056246,3688374.35094313
126.3136904,33.3054797,249887.82664555,3688374.23738943
126.3136913,33.3054787,249887.907608154,3688374.12431563
126.3136923,33.3054777,249887.997884109,3688374.01100188
126.3136933,33.3054766,249888.087874312,3688373.8865967
126.3136943,33.3054756,249888.178150274,3688373.77328296
126.3136953,33.3054747,249888.268711994,3688373.67106064
126.3136963,33.3054737,249888.35898796,3688373.55774689
126.3136974,33.3054728,249888.458863036,3688373.45528463
126.3136983,33.3054718,249888.539825651,3688373.34221083
126.3136994,33.3054709,249888.639700734,3688373.23974857
126.3137005,33.3054699,249888.739290059,3688373.12619488
126.3137015,33.3054689,249888.829566036,3688373.01288114
126.3137027,33.3054709,249888.947041373,3688373.23183037
126.3137037,33.30547,249889.037603106,3688373.12960806
126.3137047,33.3054691,249889.128164841,3688373.02738575
126.3137058,33.3054681,249889.227754176,3688372.91383206
126.3137068,33.3054672,249889.318315915,3688372.81160976
126.3137079,33.3054663,249889.418191007,3688372.70914751
126.3137089,33.3054653,249889.508466995,3688372.59583377
126.3137099,33.3054644,249889.599028743,3688372.49361147
126.313711,33.3054634,249889.698618087,3688372.38005779
126.313712,33.3054624,249889.788894082,3688372.26674406
126.3137131,33.3054615,249889.888769187,3688372.16428182
126.3137142,33.3054605,249889.98835854,3688372.05072814
126.3137154,33.3054596,249890.097547003,3688371.94802596
126.3137167,33.3054587,249890.216048822,3688371.84508383
126.3137178,33.305458,249890.316495442,3688371.76480444
126.3137191,33.3054572,249890.435283019,3688371.67295374
126.3137204,33.3054563,249890.553784845,3688371.57001162
126.3137216,33.3054556,249890.663544825,3688371.48949229
126.3137229,33.3054549,249890.782618161,3688371.40873303
126.3137242,33.3054541,249890.901405747,3688371.31688233
126.3137255,33.3054534,249891.020479089,3688371.23612307
126.3137266,33.3054527,249891.12092572,3688371.1558437
126.3137279,33.3054519,249891.239713314,3688371.06399301
126.3137291,33.3054513,249891.349759058,3688370.99456512
126.3137305,33.3054506,249891.47814576,3688370.91356592
126.3137318,33.3054499,249891.597219109,3688370.83280667
126.3137331,33.3054492,249891.716292461,3688370.75204741
126.3137344,33.3054485,249891.835365815,3688370.67128816
126.3137359,33.3054477,249891.972780128,3688370.5789576
126.3137372,33.3054471,249892.09213924,3688370.50928978
126.3137385,33.3054466,249892.211784099,3688370.45071339
126.31374,33.305446,249892.349769924,3688370.38056568
126.3137415,33.3054454,249892.487755748,3688370.31041799
126.3137427,33.3054449,249892.598087259,3688370.25208154
126.3137441,33.3054445,249892.727331232,3688370.20435665
126.3137456,33.3054439,249892.865317063,3688370.13420895
126.3137472,33.3054435,249893.01318775,3688370.08600418
126.3137487,33.3054431,249893.151745082,3688370.03803934
126.3137501,33.3054427,249893.28098906,3688369.99031445
126.3137516,33.3054425,249893.420117897,3688369.96453248
126.3137531,33.3054422,249893.558960982,3688369.92765908
126.3137547,33.3054419,249893.707117423,3688369.89054574
126.3137563,33.3054417,249893.855559615,3688369.86452384
126.3137578,33.3054415,249893.994688454,3688369.83874188
126.3137594,33.3054413,249894.143130647,3688369.81271997
126.3137611,33.3054412,249894.301171945,3688369.79754956
126.3137625,33.3054412,249894.431558927,3688369.7941904
126.313764,33.3054411,249894.570973514,3688369.77949987
126.3137656,33.3054411,249894.719987205,3688369.77566084
126.3137672,33.3054412,249894.869286646,3688369.78291323
126.3137686,33.3054412,249894.999673626,3688369.77955408
126.3137702,33.3054412,249895.148687316,3688369.77571505
126.3137718,33.3054416,249895.298843997,3688369.81624173
126.3137733,33.3054417,249895.438830081,3688369.82373407
126.3137748,33.3054418,249895.578816162,3688369.83122642
126.3137763,33.305442,249895.719087989,3688369.84981019
126.3137778,33.3054423,249895.859645564,3688369.87948539
126.3137792,33.3054426,249895.990889784,3688369.90940054
126.3137808,33.3054429,249896.140760711,3688369.93883581
126.3137823,33.3054433,249896.281604028,3688369.97960245
126.3137837,33.3054437,249896.413133991,3688370.02060902
126.3137853,33.305444,249896.563004915,3688370.0500443
126.3137867,33.3054445,249896.694820619,3688370.10214231
126.3137881,33.305445,249896.826636322,3688370.15424032
126.3137895,33.3054455,249896.958452023,3688370.20633833
126.313791,33.3054463,249897.100438317,3688370.2914707
126.3137924,33.305447,249897.232825505,3688370.36575157
126.3137935,33.3054477,249897.337272627,3688370.44075225
126.3137949,33.3054484,249897.469659811,3688370.51503313
126.3137961,33.3054491,249897.583420284,3688370.58979388
126.3137972,33.3054499,249897.688153146,3688370.675886
126.3137983,33.3054508,249897.79317175,3688370.77306955
126.3137994,33.3054517,249897.898190353,3688370.87025309
126.3138007,33.3054525,249898.021549917,3688370.95586534
126.3138018,33.3054534,249898.126568515,3688371.05304889
126.3138027,33.3054544,249898.213246147,3688371.16180375
126.3138038,33.3054553,249898.318264742,3688371.2589873
126.313805,33.3054564,249898.433168175,3688371.37811377
126.3138059,33.3054573,249898.519560058,3688371.4757772
126.3138069,33.3054583,249898.615551033,3688371.58429212
126.313808,33.3054593,249898.720855363,3688371.6925671
126.313809,33.3054603,249898.816846336,3688371.80108202
126.3138099,33.3054612,249898.903238211,3688371.89874545
126.313811,33.3054623,249899.008828277,3688372.01811187
126.3138117,33.3054633,249899.076879183,3688372.1273466
126.3138125,33.3054645,249899.15481493,3688372.25852425
126.3138133,33.3054656,249899.232464931,3688372.37861047
126.313814,33.3054667,249899.300801576,3688372.49893663
126.313815,33.3054679,249899.397364022,3688372.62963441
126.3138158,33.3054691,249899.47529976,3688372.76081207
126.3138163,33.3054704,249899.525581181,3688372.90380095
126.3138171,33.3054716,249899.603516916,3688373.03497861
126.3138178,33.3054728,249899.672139295,3688373.1663962
126.3138185,33.305474,249899.740761674,3688373.29781379
126.3138191,33.3054752,249899.8000707,3688373.42947132
126.3138198,33.3054765,249899.868978817,3688373.57198033
126.3138202,33.3054776,249899.909375392,3688373.6930263
126.3138207,33.3054788,249899.959371062,3688373.82492377
126.313821,33.3054801,249899.991025769,3688373.96839252
126.3138213,33.3054812,249900.022108991,3688374.08967843
126.3138219,33.3054827,249900.082275237,3688374.25461024
126.3138225,33.3054839,249900.141584251,3688374.38626777
126.3138234,33.3054851,249900.228833318,3688374.51720549
126.3138241,33.3054862,249900.29716994,3688374.63753166
126.3138249,33.3054875,249900.375391393,3688374.77980074
126.3138257,33.3054887,249900.453327104,3688374.9109784
126.3138265,33.3054896,249900.530405587,3688375.00888178
126.3138275,33.3054906,249900.62639651,3688375.11739672
126.3138284,33.3054918,249900.713645565,3688375.24833444
126.3138295,33.3054931,249900.819807057,3688375.38988373
126.3138305,33.305494,249900.915512232,3688375.48730724
126.3138314,33.305495,249901.002189797,3688375.59606212
126.3138323,33.3054961,249901.089153102,3688375.71590842
126.3138328,33.3054971,249901.138577263,3688375.82562303
126.3138335,33.305498,249901.206342383,3688375.92376634
126.3138345,33.3054992,249901.302904771,3688376.05446414
126.3138355,33.3055002,249901.398895676,3688376.16297908
126.3138369,33.3055012,249901.532139975,3688376.27053429
126.3138377,33.3055023,249901.609789918,3688376.39062053
126.3138389,33.3055032,249901.724121773,3688376.48756418
126.3138402,33.3055041,249901.847766975,3688376.5842679
126.3138412,33.305505,249901.943472128,3688376.68169142
126.3138422,33.305506,249902.03946302,3688376.79020637
126.3138435,33.3055066,249902.162250994,3688376.85363581
126.313845,33.3055073,249902.303951402,3688376.92767681
126.3138463,33.3055079,249902.426739372,3688376.99110625
126.3138477,33.3055082,249902.557983471,3688377.02102148
126.313849,33.3055087,249902.680485697,3688377.07335949
126.3138504,33.3055092,249902.812301271,3688377.12545758
126.3138515,33.3055094,249902.91531958,3688377.14500118
126.3138526,33.3055097,249903.018623629,3688377.17563621
126.3138539,33.3055099,249903.140268633,3688377.19469995
126.3138551,33.3055104,249903.253457506,3688377.2472779
126.3138565,33.3055108,249903.384987335,3688377.28828457
126.3138579,33.3055112,249903.516517162,3688377.32929124
126.3138592,33.3055116,249903.63873364,3688377.37053784
126.3138607,33.3055119,249903.779291077,3688377.40021315
126.3138622,33.3055123,249903.920134248,3688377.44097989
126.3138637,33.3055127,249904.060977418,3688377.48174663
126.3138652,33.305513,249904.201534848,3688377.51142195
126.3138666,33.3055133,249904.33277893,3688377.5413372
126.313868,33.3055138,249904.46459449,3688377.5934353
126.3138694,33.3055142,249904.596124307,3688377.63444199
126.313871,33.3055146,249904.74628082,3688377.67496881
126.3138723,33.305515,249904.868497286,3688377.71621542
126.3138738,33.3055155,249905.009626186,3688377.76807361
126.3138752,33.305516,249905.141441735,3688377.82017172
126.3138767,33.3055164,249905.282284893,3688377.86093848
126.313878,33.3055169,249905.404787093,3688377.91327653
126.3138795,33.3055173,249905.545630248,3688377.95404329
126.313881,33.3055177,249905.686473404,3688377.99481006
126.3138824,33.3055183,249905.818574682,3688378.05799961
126.3138837,33.3055188,249905.941076876,3688378.11033767
126.3138851,33.3055192,249906.072606679,3688378.15134437
126.3138865,33.3055197,249906.204422216,3688378.2034425
126.3138879,33.3055203,249906.336523488,3688378.26663206
126.3138894,33.3055208,249906.477652371,3688378.31849026
126.3138908,33.3055213,249906.609467904,3688378.3705884
126.3138922,33.3055218,249906.741283435,3688378.42268653
126.3138936,33.3055223,249906.873098964,3688378.47478467
126.3138949,33.3055228,249906.995601146,3688378.52712274
126.3138963,33.3055234,249907.127702409,3688378.59031231
126.3138976,33.3055238,249907.249918853,3688378.63155896
126.313899,33.3055244,249907.382020111,3688378.69474853
126.3139004,33.3055248,249907.513549899,3688378.73575525
126.3139018,33.3055253,249907.645365419,3688378.78785339
126.3139031,33.3055258,249907.767867595,3688378.84019147
126.3139045,33.3055263,249907.899683112,3688378.89228962
126.3139059,33.3055268,249908.031498628,3688378.94438778
126.3139074,33.3055272,249908.172341755,3688378.98515458
126.3139085,33.3055278,249908.276502963,3688379.04906394
126.31391,33.3055283,249908.417631823,3688379.10092217
126.3139115,33.3055288,249908.558760679,3688379.15278041
126.3139129,33.3055293,249908.690576187,3688379.20487857
126.3139145,33.3055296,249908.840446919,3688379.23431403
126.3139158,33.3055299,249908.962377613,3688379.26446926
126.3139172,33.3055301,249909.093335922,3688379.28329315
126.3139186,33.3055304,249909.224579957,3688379.31320846
126.3139199,33.3055306,249909.346224919,3688379.33227227
126.3139212,33.3055308,249909.467869877,3688379.35133609
126.3139228,33.3055311,249909.617740604,3688379.38077155
126.3139243,33.3055312,249909.75772652,3688379.38826409
126.3139258,33.3055314,249909.89799817,3688379.40684806
126.3139271,33.3055315,249910.019357394,3688379.41482046
126.3139287,33.3055317,249910.168942386,3688379.4331645
126.3139302,33.3055318,249910.3089283,3688379.44065705
126.3139318,33.3055319,249910.458227562,3688379.44790967
126.3139332,33.305532,249910.58890013,3688379.45564215
126.3139347,33.3055321,249910.728886043,3688379.4631347
126.3139362,33.3055321,249910.868586225,3688379.45953583
126.3139376,33.3055321,249910.998973064,3688379.45617689
126.3139392,33.305532,249911.147700861,3688379.44124666
126.3139407,33.305532,249911.287401043,3688379.4376478
126.3139422,33.3055319,249911.426815495,3688379.4229575
126.3139437,33.3055316,249911.56565849,3688379.38608436
126.313945,33.3055315,249911.686446252,3688379.37187392
126.3139465,33.3055313,249911.825574975,3688379.3460922
126.313948,33.3055309,249911.96413224,3688379.29812764
126.3139494,33.3055307,249912.09394762,3688379.27258585
126.3139509,33.3055304,249912.232790618,3688379.23571271
126.3139523,33.30553,249912.362034541,3688379.18798808
126.3139539,33.3055297,249912.510190885,3688379.15087502
126.3139552,33.3055293,249912.630121465,3688379.10339031
126.3139565,33.3055288,249912.749766319,3688379.04481417
126.3139579,33.3055284,249912.879010246,3688378.99708954
126.3139594,33.3055279,249913.017281793,3688378.93803356
126.3139607,33.3055273,249913.136640921,3688378.868366
126.313962,33.3055266,249913.255714323,3688378.78760702
126.3139632,33.3055261,249913.366045836,3688378.72927081
126.3139645,33.3055255,249913.485404969,3688378.65960326
126.3139658,33.3055248,249913.604478379,3688378.57884427
126.3139671,33.3055242,249913.723837513,3688378.50917672
126.3139683,33.3055235,249913.833597578,3688378.42865767
126.3139695,33.3055228,249913.943357644,3688378.34813861
126.3139707,33.305522,249914.052831986,3688378.25652813
126.3139718,33.3055212,249914.152992985,3688378.16515757
126.313973,33.3055205,249914.262753057,3688378.08463852
126.3139742,33.3055198,249914.372513131,3688378.00411947
126.3139753,33.3055189,249914.472388405,3688377.90165749
126.3139766,33.3055182,249914.591461832,3688377.82089852
126.3139779,33.3055176,249914.710820984,3688377.75123098
126.3139791,33.305517,249914.820866792,3688377.68180337
126.3139803,33.3055164,249914.930912601,3688377.61237575
126.3139815,33.3055158,249915.040958411,3688377.54294814
126.3139826,33.3055152,249915.141690876,3688377.47376045
126.3139836,33.3055146,249915.233109992,3688377.40481268
126.3139846,33.3055142,249915.325100564,3688377.35804776
126.3139858,33.3055136,249915.435146379,3688377.28862015
126.3139869,33.3055129,249915.535593124,3688377.20834104
126.313988,33.3055122,249915.636039871,3688377.12806193
126.3139892,33.3055115,249915.745799967,3688377.04754289
126.3139903,33.3055109,249915.846532441,3688376.97835521
126.3139914,33.3055103,249915.947264918,3688376.90916753
126.3139923,33.3055095,249916.028799251,3688376.81827683
126.3139934,33.305509,249916.129817455,3688376.76018058
126.3139943,33.3055083,249916.211637515,3688376.68038131
126.3139953,33.3055076,249916.302770923,3688376.60034212
126.3139962,33.3055069,249916.384590986,3688376.52054286
126.3139973,33.3055062,249916.485037747,3688376.44026375
126.3139982,33.3055056,249916.567143537,3688376.37155591
126.313999,33.3055049,249916.639650254,3688376.29199657
126.314,33.3055042,249916.730783671,3688376.21195739
126.3140009,33.3055035,249916.812603742,3688376.13215813
126.3140017,33.3055028,249916.885110465,3688376.05259878
126.3140025,33.3055021,249916.957617187,3688375.97303944
126.3140034,33.3055014,249917.039437262,3688375.89324018
126.3140042,33.3055006,249917.111658266,3688375.80258941
126.314005,33.3055,249917.184450715,3688375.7341215
126.3140059,33.3054993,249917.266270793,3688375.65432224
126.3140067,33.3054986,249917.338777524,3688375.5747629
126.3140076,33.3054979,249917.420597605,3688375.49496365
126.3140084,33.3054972,249917.493104338,3688375.41540431
126.3140093,33.3054965,249917.574924419,3688375.33560505
126.3140102,33.305496,249917.657315949,3688375.27798865
126.3140112,33.3054953,249917.748449384,3688375.19794948
126.314012,33.3054947,249917.821241845,3688375.12948158
126.314013,33.3054941,249917.912661002,3688375.06053383
126.3140139,33.3054934,249917.994481092,3688374.98073458
126.3140149,33.3054928,249918.085900255,3688374.91178684
126.3140159,33.3054922,249918.177319418,3688374.8428391
126.3140168,33.3054916,249918.259425234,3688374.77413128
126.3140177,33.3054911,249918.34181677,3688374.71651489
126.3140188,33.3054904,249918.442263565,3688374.63623581
126.3140196,33.3054897,249918.514770314,3688374.55667648
126.3140205,33.305489,249918.596590413,3688374.47687723
126.3140215,33.3054883,249918.687723861,3688374.39683807
126.3140224,33.3054876,249918.769543963,3688374.31703883
126.3140232,33.3054869,249918.842050716,3688374.2374795
126.3140241,33.3054862,249918.923870821,3688374.15768026
126.314025,33.3054854,249919.005405203,3688374.06678959
126.314026,33.3054847,249919.096538661,3688373.98675043
126.3140268,33.305484,249919.169045419,3688373.90719111
126.3140277,33.3054833,249919.250865529,3688373.82739187
126.3140286,33.3054826,249919.332685638,3688373.74759263
126.3140297,33.3054821,249919.433703895,3688373.68949642
126.3140307,33.3054814,249919.524837357,3688373.60945726
126.3140316,33.3054807,249919.606657473,3688373.52965803
126.3140326,33.3054802,249919.69836238,3688373.47180173
126.3140335,33.3054794,249919.779896776,3688373.38091107
126.3140345,33.3054789,249919.871601688,3688373.32305478
126.3140355,33.3054784,249919.963306597,3688373.26519848
126.3140364,33.3054778,249920.045412438,3688373.19649068
126.3140373,33.305477,249920.126946842,3688373.10560002
126.3140383,33.3054765,249920.218651756,3688373.04774373
126.3140391,33.3054758,249920.291158529,3688372.96818442
126.3140401,33.3054752,249920.382577726,3688372.8992367
126.314041,33.3054746,249920.464683574,3688372.8305289
126.314042,33.3054741,249920.556388493,3688372.77267261
126.3140427,33.3054735,249920.619867638,3688372.70444464
126.3140437,33.3054727,249920.710715402,3688372.61331407
126.3140446,33.3054721,249920.792821255,3688372.54460628
126.3140455,33.3054714,249920.87464139,3688372.46480705
126.3140463,33.3054708,249920.947433891,3688372.39633917
126.3140472,33.3054701,249921.029254028,3688372.31653995
126.3140482,33.3054694,249921.120387518,3688372.23650081
126.3140492,33.3054688,249921.211806729,3688372.1675531
126.31405,33.3054683,249921.284884952,3688372.11017665
126.314051,33.3054676,249921.376018449,3688372.03013752
126.3140519,33.3054671,249921.458410026,3688371.97252116
126.3140529,33.3054664,249921.549543523,3688371.89248202
126.3140539,33.3054658,249921.64096274,3688371.82353432
126.3140548,33.3054651,249921.722782885,3688371.74373511
126.3140557,33.3054646,249921.80517447,3688371.68611874
126.3140567,33.305464,249921.89659369,3688371.61717104
126.3140577,33.3054633,249921.987727194,3688371.53713192
126.3140586,33.3054628,249922.070118781,3688371.47951556
126.3140596,33.3054621,249922.161252285,3688371.39947643
126.3140604,33.3054616,249922.234330523,3688371.34209999
126.3140614,33.3054609,249922.325464032,3688371.26206087
126.3140624,33.3054604,249922.417168976,3688371.2042046
126.3140634,33.3054598,249922.508588205,3688371.1352569
126.3140644,33.3054592,249922.600007435,3688371.06630921
126.3140653,33.3054586,249922.682113311,3688370.99760143
126.3140663,33.305458,249922.773532544,3688370.92865374
126.3140673,33.3054574,249922.864951778,3688370.85970605
126.3140684,33.3054568,249922.965684366,3688370.79051845
126.3140694,33.3054563,249923.057389318,3688370.73266218
126.3140702,33.3054558,249923.130467565,3688370.67528575
126.3140712,33.3054552,249923.221886801,3688370.60633806
126.3140722,33.3054546,249923.313306041,3688370.53739037
126.3140731,33.3054541,249923.395697645,3688370.47977403
126.3140741,33.3054535,249923.487116887,3688370.41082634
126.3140751,33.3054529,249923.578536131,3688370.34187866
126.314076,33.3054524,249923.660927735,3688370.28426232
126.314077,33.3054518,249923.752346981,3688370.21531464
126.314078,33.3054513,249923.844051943,3688370.15745838
126.314079,33.3054508,249923.935756906,3688370.09960213
126.3140799,33.3054502,249924.017862802,3688370.03089436
126.3140809,33.3054497,249924.109567765,3688369.97303811
126.3140819,33.3054491,249924.200987019,3688369.90409043
126.3140829,33.3054485,249924.29240627,3688369.83514276
126.3140838,33.305448,249924.374797885,3688369.77752642
126.3140848,33.3054475,249924.466502855,3688369.71967017
126.3140858,33.3054469,249924.557922112,3688369.6507225
126.3140868,33.3054463,249924.64934137,3688369.58177483
126.3140879,33.3054458,249924.750359697,3688369.52367867
126.314089,33.3054453,249924.851378023,3688369.46558252
126.31409,33.3054448,249924.943082998,3688369.40772628
126.3140911,33.3054443,249925.044101329,3688369.34963012
126.314092,33.3054438,249925.126492952,3688369.29201379
126.3140931,33.3054433,249925.227511285,3688369.23391764
126.3140943,33.3054428,249925.337842973,3688369.17558158
126.3140955,33.3054423,249925.448174663,3688369.11724553
126.3140965,33.3054418,249925.539879645,3688369.05938929
126.3140977,33.3054414,249925.650497049,3688369.01214466
126.3140988,33.3054409,249925.751515388,3688368.95404852
126.3141,33.3054404,249925.861847082,3688368.89571247
126.3141011,33.3054399,249925.962865423,3688368.83761632
126.3141024,33.3054395,249926.082796187,3688368.79013179
126.3141035,33.3054391,249926.184100242,3688368.74312708
126.3141049,33.3054386,249926.313058651,3688368.68431121
126.3141061,33.3054382,249926.423676063,3688368.63706659
126.3141071,33.3054377,249926.515381055,3688368.57921036
126.3141084,33.3054373,249926.635311824,3688368.53172584
126.3141097,33.3054369,249926.755242594,3688368.48424131
126.3141107,33.3054364,249926.846947589,3688368.42638509
126.3141119,33.3054359,249926.957279295,3688368.36804905
126.3141132,33.3054354,249927.076924358,3688368.30947311
126.3141143,33.305435,249927.178228422,3688368.2624684
126.3141155,33.3054345,249927.288560132,3688368.20413237
126.3141167,33.305434,249927.398891843,3688368.14579633
126.3141179,33.3054337,249927.509794977,3688368.10964315
126.314119,33.3054332,249927.610813335,3688368.05154703
126.3141201,33.3054327,249927.711831694,3688367.99345091
126.3141212,33.3054323,249927.813135764,3688367.94644621
126.3141225,33.3054318,249927.932780836,3688367.88787028
126.3141235,33.3054315,249928.025057261,3688367.85219692
126.3141247,33.305431,249928.13538898,3688367.7938609
126.3141256,33.3054305,249928.217780633,3688367.73624459
126.3141267,33.3054301,249928.319084709,3688367.6892399
126.3141277,33.3054298,249928.411361139,3688367.65356655
126.3141289,33.3054294,249928.521978571,3688367.60632196
126.3141301,33.3054291,249928.632881714,3688367.57016879
126.3141313,33.3054286,249928.74321344,3688367.51183277
126.3141325,33.3054283,249928.854116584,3688367.47567961
126.3141337,33.3054279,249928.964734021,3688367.42843502
126.314135,33.3054276,249929.084950523,3688367.39204195
126.3141363,33.3054271,249929.204595608,3688367.33346604
126.3141374,33.3054268,249929.306185403,3688367.29755278
126.3141387,33.3054265,249929.426401905,3688367.26115972
126.3141399,33.3054262,249929.537305054,3688367.22500657
126.314141,33.3054258,249929.638609143,3688367.17800189
126.3141423,33.3054255,249929.758825647,3688367.14160883
126.3141436,33.3054252,249929.879042155,3688367.10521578
126.3141447,33.3054249,249929.980631951,3688367.06930253
126.314146,33.3054246,249930.100848461,3688367.03290948
126.3141472,33.3054244,249930.212037322,3688367.00784776
126.3141483,33.3054241,249930.313627123,3688366.97193452
126.3141494,33.3054238,249930.415216922,3688366.93602128
126.3141508,33.3054236,249930.545032495,3688366.91047975
126.314152,33.3054234,249930.65622136,3688366.88541804
126.314153,33.3054231,249930.748497805,3688366.84974471
126.3141543,33.3054229,249930.869000026,3688366.82444309
126.3141554,33.3054226,249930.970589828,3688366.78852986
126.3141566,33.3054223,249931.081492987,3688366.75237672
126.3141577,33.3054221,249931.183368494,3688366.72755492
126.314159,33.3054219,249931.30387072,3688366.7022533
126.3141601,33.3054218,249931.406031934,3688366.68852293
126.3141614,33.3054215,249931.526248454,3688366.65212989
126.3141625,33.3054213,249931.628123963,3688366.62730809
126.3141637,33.3054211,249931.739312832,3688366.60224639
126.3141648,33.305421,249931.84147405,3688366.58851602
126.314166,33.3054207,249931.952377214,3688366.5523629
126.3141673,33.3054206,249932.073165145,3688366.53815272
126.3141684,33.3054204,249932.175040661,3688366.51333093
126.3141696,33.3054204,249932.286800942,3688366.51045208
126.3141708,33.3054203,249932.398275517,3688366.49648182
126.314172,33.3054201,249932.509464389,3688366.47142012
126.3141732,33.3054199,249932.62065326,3688366.44635843
126.3141743,33.3054198,249932.72281448,3688366.43262807
126.3141755,33.3054196,249932.834003353,3688366.40756638
126.3141767,33.3054194,249932.945192226,3688366.38250469
126.3141779,33.3054192,249933.056381099,3688366.35744301
126.314179,33.305419,249933.158256614,3688366.33262122
126.3141802,33.305419,249933.270016896,3688366.32974239
126.3141813,33.3054187,249933.37160671,3688366.29382919
126.3141825,33.3054186,249933.483081289,3688366.27985893
126.3141836,33.3054183,249933.584671107,3688366.24394572
126.3141847,33.3054182,249933.686832327,3688366.23021537
126.3141858,33.3054181,249933.78899355,3688366.21648503
126.3141869,33.3054179,249933.89086907,3688366.19166325
126.3141881,33.3054178,249934.00234365,3688366.177693
126.3141892,33.3054176,249934.10421917,3688366.15287123
126.3141904,33.3054176,249934.215979454,3688366.14999241
126.3141914,33.3054174,249934.308541618,3688366.12541054
126.3141926,33.3054173,249934.420016199,3688366.1114403
126.3141938,33.3054172,249934.531490781,3688366.09747005
126.3141949,33.3054171,249934.633652005,3688366.08373971
126.3141959,33.305417,249934.726499873,3688366.07024927
126.3141971,33.305417,249934.838260157,3688366.06737046
126.3141982,33.3054168,249934.940135681,3688366.0425487
126.3141994,33.3054169,249935.052181666,3688366.05076131
126.3142004,33.3054168,249935.145029535,3688366.03727088
126.3142015,33.3054168,249935.24747646,3688366.03463197
126.3142027,33.3054168,249935.359236744,3688366.03175317
126.3142038,33.3054167,249935.461397969,3688366.01802283
126.3142049,33.3054168,249935.564130598,3688366.02647536
126.314206,33.3054168,249935.666577525,3688366.02383645
126.3142071,33.3054168,249935.769024452,3688366.02119755
126.3142083,33.3054168,249935.880784735,3688366.01831875
126.3142093,33.3054169,249935.974204006,3688366.02701118
126.3142104,33.3054168,249936.076365232,3688366.01328085
126.3142115,33.3054169,249936.179097859,3688366.02173338
126.3142127,33.3054169,249936.290858143,3688366.01885459
126.3142138,33.305417,249936.39359077,3688366.02730712
126.3142149,33.305417,249936.496037696,3688366.02466822
126.314216,33.305417,249936.598484622,3688366.02202933
126.3142171,33.305417,249936.700931546,3688366.01939044
126.3142182,33.3054171,249936.803664175,3688366.02784298
126.3142193,33.3054172,249936.906396801,3688366.03629551
126.3142203,33.3054173,249936.999816067,3688366.04498795
126.3142216,33.3054173,249937.120889706,3688366.04186926
126.3142226,33.3054173,249937.214023276,3688366.03947028
126.3142237,33.3054175,249937.3170416,3688366.05901424
126.3142248,33.3054176,249937.419774224,3688366.06746679
126.314226,33.3054177,249937.531820205,3688366.07567943
126.3142271,33.3054177,249937.63426713,3688366.07304055
126.3142281,33.3054179,249937.727972096,3688366.09282442
126.3142292,33.305418,249937.83070472,3688366.10127696
126.3142303,33.3054182,249937.933723041,3688366.12082094
126.3142313,33.3054183,249938.027142308,3688366.12951338
126.3142325,33.3054185,249938.139473985,3688366.14881746
126.3142335,33.3054187,249938.233178949,3688366.16860134
126.3142346,33.305419,249938.336482966,3688366.19923674
126.3142358,33.3054192,249938.448814642,3688366.21854082
126.3142368,33.3054193,249938.542233904,3688366.22723328
126.3142379,33.3054195,249938.645252222,3688366.24677726
126.3142391,33.3054199,249938.758155291,3688366.2882642
126.3142402,33.30542,249938.860887911,3688366.29671675
126.3142412,33.3054202,249938.954592871,3688366.31650063
126.3142423,33.3054206,249939.058182582,3688366.35822747
126.3142434,33.305421,249939.161772291,3688366.39995431
126.3142445,33.3054212,249939.264790606,3688366.4194983
126.3142454,33.3054214,249939.349182208,3688366.43952208
126.3142466,33.3054217,249939.461799574,3688366.4699176
126.3142477,33.3054219,249939.564817885,3688366.48946159
126.3142488,33.305422,249939.667550501,3688366.49791416
126.3142499,33.3054222,249939.770568813,3688366.51745815
126.314251,33.3054224,249939.873587125,3688366.53700215
126.3142522,33.3054225,249939.985633096,3688366.54521482
126.3142533,33.3054226,249940.088365711,3688366.55366739
126.3142544,33.3054227,249940.191098325,3688366.56211996
126.3142555,33.3054227,249940.293545243,3688366.5594811
126.3142567,33.3054228,249940.405591213,3688366.56769378
126.3142578,33.3054228,249940.508038132,3688366.56505493
126.3142588,33.3054228,249940.601171694,3688366.56265598
126.31426,33.3054227,249940.712646273,3688366.5486858
126.3142612,33.3054228,249940.824692242,3688366.55689849
126.3142624,33.3054228,249940.936452516,3688366.55401974
126.3142636,33.3054227,249941.047927095,3688366.54004957
126.3142646,33.3054227,249941.141060657,3688366.53765062
126.3142658,33.3054227,249941.252820931,3688366.53477188
126.314267,33.3054227,249941.364581205,3688366.53189315
126.3142681,33.3054226,249941.466742429,3688366.51816288
126.3142693,33.3054226,249941.578502703,3688366.51528414
126.3142705,33.3054225,249941.689977283,3688366.50131398
126.3142716,33.3054224,249941.792138507,3688366.48758372
126.3142729,33.3054223,249941.912926443,3688366.47337366
126.3142741,33.3054222,249942.024401023,3688366.45940351
126.3142752,33.3054222,249942.126847942,3688366.45676468
126.314281,33.3054287,249942.685592649,3688367.16379355
126.314282,33.3054287,249942.778726206,3688367.16139461
126.3142832,33.3054289,249942.891057858,3688367.18069874
126.3142845,33.305429,249943.012417171,3688367.18867156
126.3142856,33.3054292,249943.115435466,3688367.20821558
126.3142868,33.3054293,249943.227481424,3688367.21642829
126.3142879,33.3054293,249943.329928331,3688367.21378947
126.314289,33.3054294,249943.432660933,3688367.22224207
126.3142902,33.3054297,249943.545278274,3688367.25263764
126.3142914,33.30543,249943.657895614,3688367.28303321
126.3142925,33.3054302,249943.760913906,3688367.30257724
126.3142936,33.3054304,249943.863932198,3688367.32212128
126.3142947,33.3054307,249943.967236181,3688367.35275674
126.3142958,33.3054309,249944.070254472,3688367.37230078
126.3142969,33.3054311,249944.173272762,3688367.39184482
126.3142981,33.3054313,249944.285604407,3688367.41114896
126.3142992,33.3054316,249944.388908388,3688367.44178443
126.3143003,33.305432,249944.492498058,3688367.48351133
126.3143014,33.3054322,249944.595516346,3688367.50305537
126.3143027,33.3054325,249944.717447034,3688367.53321106
126.3143038,33.3054329,249944.821036702,3688367.57493795
126.3143051,33.3054332,249944.942967388,3688367.60509364
126.3143062,33.3054335,249945.046271364,3688367.63572912
126.3143075,33.3054339,249945.168487738,3688367.67697623
126.3143087,33.3054343,249945.281390757,3688367.71846325
126.31431,33.3054349,249945.40417851,3688367.78189322
126.3143113,33.3054352,249945.526109191,3688367.81204892
126.3143125,33.3054356,249945.639012207,3688367.85353593
126.3143139,33.3054358,249945.769970551,3688367.87236031
126.3143152,33.3054361,249945.891901229,3688367.90251602
126.3143166,33.3054364,249946.023145263,3688367.93243183
126.3143179,33.3054368,249946.145361629,3688367.97367896
126.3143194,33.3054372,249946.286204702,3688368.01444631
126.3143209,33.3054374,249946.426476397,3688368.03303081
126.3143224,33.3054378,249946.567319467,3688368.07379817
126.3143239,33.305438,249946.707591162,3688368.09238267
126.3143253,33.3054383,249946.838835188,3688368.1222985
126.3143269,33.3054387,249946.98899161,3688368.16282597
126.3143284,33.305439,249947.129548987,3688368.19250191
126.3143299,33.3054394,249947.270392055,3688368.23326927
126.3143314,33.3054396,249947.410663743,3688368.25185379
126.3143329,33.3054399,249947.551221117,3688368.28152973
126.3143345,33.3054403,249947.701377535,3688368.32205721
126.3143362,33.3054405,249947.860275928,3688368.34016196
126.3143377,33.3054408,249948.0008333,3688368.36983791
126.3143393,33.3054411,249948.150704026,3688368.39927397
126.3143408,33.3054414,249948.291261396,3688368.42894992
126.3143425,33.3054417,249948.450445472,3688368.4581461
126.3143442,33.3054421,249948.609915236,3688368.49843371
126.3143457,33.3054422,249948.749901229,3688368.50592682
126.3143474,33.3054425,249948.909085304,3688368.53512301
126.314349,33.3054428,249949.058956022,3688368.56455908
126.3143506,33.305443,249949.208541053,3688368.58290374
126.314352,33.3054433,249949.339785065,3688368.61281959
126.3143537,33.3054436,249949.498969133,3688368.64201579
126.3143553,33.3054436,249949.647982791,3688368.6381776
126.3143569,33.3054439,249949.797853507,3688368.66761369
126.3143585,33.3054443,249949.948009904,3688368.7081412
126.3143601,33.3054447,249950.098166299,3688368.74866872
126.3143616,33.305445,249950.238723658,3688368.7783447
126.3143633,33.3054455,249950.398479089,3688368.82972377
126.3143648,33.3054459,249950.539322129,3688368.87049118
126.3143662,33.3054464,249950.671137495,3688368.9225899
126.3143679,33.3054468,249950.830607239,3688368.96287755
126.3143693,33.3054472,249950.96213692,3688369.00388485
126.314371,33.3054477,249951.121892342,3688369.05526393
126.3143725,33.3054481,249951.262735376,3688369.09603135
126.3143739,33.3054486,249951.394550736,3688369.14813008
126.3143755,33.3054492,249951.545278483,3688369.21084047
126.3143769,33.3054496,249951.676808159,3688369.25184779
126.3143786,33.3054501,249951.836563573,3688369.30322687
126.31438,33.3054507,249951.96866461,3688369.36641704
126.3143815,33.3054512,249952.109793314,3688369.4182759
126.3143831,33.3054517,249952.260235372,3688369.46989488
126.3143846,33.3054523,249952.401649756,3688369.53284517
126.3143861,33.3054529,249952.543064137,3688369.59579546
126.3143875,33.3054534,249952.674879483,3688369.64789421
126.314389,33.305454,249952.816293863,3688369.7108445
126.3143904,33.3054548,249952.94896625,3688369.79621754
126.314392,33.3054555,249953.099979658,3688369.87001938
126.3143933,33.3054563,249953.22333869,3688369.9556323
126.3143946,33.3054569,249953.346126356,3688370.01906237
126.3143959,33.3054577,249953.469485379,3688370.10467529
126.3143973,33.3054585,249953.602157757,3688370.19004833
126.3143986,33.3054593,249953.725516779,3688370.27566126
126.3143999,33.3054601,249953.848875798,3688370.36127419
126.3144012,33.3054609,249953.972234815,3688370.44688712
126.3144025,33.3054616,249954.09530815,3688370.52140862
126.3144037,33.3054625,249954.209639491,3688370.61835286
126.3144048,33.3054633,249954.314371799,3688370.70444556
126.3144059,33.3054641,249954.419104106,3688370.79053826
126.314407,33.3054649,249954.52383641,3688370.87663096
126.3144081,33.3054657,249954.628568712,3688370.96272366
126.3144092,33.3054666,249954.733586693,3688371.05990779
126.3144103,33.3054673,249954.838033312,3688371.13490907
126.3144113,33.3054682,249954.933737938,3688371.23233308
126.3144121,33.305469,249955.010530178,3688371.31914543
126.3144131,33.3054698,249955.105949121,3688371.40547802
126.3144139,33.3054705,249955.182455682,3688371.48119894
126.3144148,33.3054713,249955.268561269,3688371.56777142
126.3144156,33.3054719,249955.344782149,3688371.63240092
126.3144161,33.3054726,249955.393348656,3688371.70884149
126.314417,33.3054734,249955.479454242,3688371.79541396
126.3144178,33.3054741,249955.555960794,3688371.87113489
126.3144184,33.3054748,249955.613840646,3688371.94733558
126.314419,33.3054755,249955.6717205,3688372.02353628
126.3144198,33.3054762,249955.748227052,3688372.09925721
126.3144203,33.3054767,249955.796222194,3688372.15351493
126.3144209,33.3054773,249955.853816366,3688372.2186242
126.3144214,33.305478,249955.902382864,3688372.29506477
126.3144219,33.3054785,249955.950378006,3688372.3493225
126.3144225,33.3054791,249956.007972174,3688372.41443177
126.3144229,33.3054796,249956.046653964,3688372.46892937
126.3144234,33.3054802,249956.094934783,3688372.53427852
126.3144238,33.3054807,249956.133616572,3688372.58877613
126.3144241,33.305481,249956.162413655,3688372.62133076
126.3144243,33.3054812,249956.181611712,3688372.64303385
126.3144244,33.3054814,249956.191496415,3688372.66497682
126.3144243,33.3054814,249956.182183069,3688372.6652167
126.3144244,33.3054815,249956.191782094,3688372.67606825
126.3144244,33.3054814,249956.191496415,3688372.66497682
126.3144244,33.3054814,249956.191496415,3688372.66497682
126.3144244,33.3054814,249956.191496415,3688372.66497682
126.3144244,33.3054813,249956.191210737,3688372.6538854
126.3144244,33.3054813,249956.191210737,3688372.6538854
126.3144244,33.3054813,249956.191210737,3688372.6538854
126.3144244,33.3054813,249956.191210737,3688372.6538854
126.3144243,33.3054812,249956.181611712,3688372.64303385
126.3144243,33.3054812,249956.181611712,3688372.64303385
126.3144243,33.3054812,249956.181611712,3688372.64303385
126.3144243,33.3054812,249956.181611712,3688372.64303385
126.3144243,33.3054812,249956.181611712,3688372.64303385
126.3144243,33.3054812,249956.181611712,3688372.64303385
126.3144243,33.3054811,249956.181326034,3688372.63194243
126.3144242,33.3054811,249956.172012685,3688372.63218231
126.3144242,33.3054811,249956.172012685,3688372.63218231
126.3144242,33.305481,249956.171727006,3688372.62109088
126.3144243,33.3054811,249956.181326034,3688372.63194243
126.3144242,33.3054811,249956.172012685,3688372.63218231
126.3144242,33.3054811,249956.172012685,3688372.63218231
126.3144243,33.3054811,249956.181326034,3688372.63194243
126.3144243,33.3054811,249956.181326034,3688372.63194243
126.3144242,33.3054811,249956.172012685,3688372.63218231
126.3144243,33.3054811,249956.181326034,3688372.63194243
126.3144242,33.3054811,249956.172012685,3688372.63218231
126.3144242,33.3054811,249956.172012685,3688372.63218231
126.3144243,33.3054811,249956.181326034,3688372.63194243
126.3144242,33.3054811,249956.172012685,3688372.63218231
126.3144242,33.3054811,249956.172012685,3688372.63218231
126.3144243,33.305481,249956.181040356,3688372.620851
126.3144242,33.305481,249956.171727006,3688372.62109088
126.3144242,33.3054811,249956.172012685,3688372.63218231
126.3144243,33.305481,249956.181040356,3688372.620851
126.3144243,33.3054811,249956.181326034,3688372.63194243
126.3144242,33.3054811,249956.172012685,3688372.63218231
126.3144242,33.3054811,249956.172012685,3688372.63218231
126.3144242,33.3054811,249956.172012685,3688372.63218231
126.3144242,33.3054811,249956.172012685,3688372.63218231
126.3144242,33.3054811,249956.172012685,3688372.63218231
126.3144242,33.305481,249956.171727006,3688372.62109088
126.3144243,33.3054811,249956.181326034,3688372.63194243
126.3144243,33.3054811,249956.181326034,3688372.63194243
126.3144242,33.3054811,249956.172012685,3688372.63218231
126.3144242,33.3054811,249956.172012685,3688372.63218231
126.3144243,33.3054811,249956.181326034,3688372.63194243
126.3144243,33.3054811,249956.181326034,3688372.63194243
126.3144243,33.3054811,249956.181326034,3688372.63194243
126.3144243,33.3054811,249956.181326034,3688372.63194243
126.3144243,33.3054811,249956.181326034,3688372.63194243
126.3144243,33.3054811,249956.181326034,3688372.63194243
126.3144243,33.3054811,249956.181326034,3688372.63194243
126.3144243,33.3054811,249956.181326034,3688372.63194243
126.3144243,33.3054811,249956.181326034,3688372.63194243
126.3144243,33.3054811,249956.181326034,3688372.63194243
126.3144243,33.3054811,249956.181326034,3688372.63194243
126.3144243,33.3054811,249956.181326034,3688372.63194243
126.3144242,33.3054811,249956.172012685,3688372.63218231
126.3144243,33.3054811,249956.181326034,3688372.63194243
126.3144244,33.3054812,249956.190925059,3688372.64279397
126.3144243,33.3054811,249956.181326034,3688372.63194243
126.3144242,33.3054811,249956.172012685,3688372.63218231
126.3144243,33.3054811,249956.181326034,3688372.63194243
126.3144243,33.3054811,249956.181326034,3688372.63194243
126.3144243,33.3054811,249956.181326034,3688372.63194243
126.3144243,33.3054811,249956.181326034,3688372.63194243
126.3144243,33.3054811,249956.181326034,3688372.63194243
126.3144243,33.3054811,249956.181326034,3688372.63194243
126.3144243,33.3054811,249956.181326034,3688372.63194243
126.3144243,33.3054811,249956.181326034,3688372.63194243
126.3144243,33.3054811,249956.181326034,3688372.63194243
126.3144186,33.3054732,249955.627896488,3688371.76939301
126.3144185,33.3054732,249955.618583138,3688371.76963289
126.3144185,33.3054733,249955.618868817,3688371.78072432
126.3144185,33.3054732,249955.618583138,3688371.76963289
126.3144186,33.3054732,249955.627896488,3688371.76939301
126.3144185,33.3054732,249955.618583138,3688371.76963289
126.3144185,33.3054732,249955.618583138,3688371.76963289
126.3144185,33.3054732,249955.618583138,3688371.76963289
126.3144185,33.3054732,249955.618583138,3688371.76963289
126.3144186,33.3054732,249955.627896488,3688371.76939301
126.3144186,33.3054731,249955.627610809,3688371.75830158
126.3144185,33.3054732,249955.618583138,3688371.76963289
126.3144186,33.3054732,249955.627896488,3688371.76939301
126.3144185,33.3054732,249955.618583138,3688371.76963289
126.3144184,33.3054732,249955.609269785,3688371.76987277
126.3144185,33.3054732,249955.618583138,3688371.76963289
126.3144185,33.3054733,249955.618868817,3688371.78072432
126.3144185,33.3054732,249955.618583138,3688371.76963289
126.3144185,33.3054732,249955.618583138,3688371.76963289
126.3144184,33.3054732,249955.609269785,3688371.76987277
126.3144185,33.3054732,249955.618583138,3688371.76963289
126.3144186,33.3054732,249955.627896488,3688371.76939301
126.3144185,33.3054732,249955.618583138,3688371.76963289
126.3144186,33.3054732,249955.627896488,3688371.76939301
126.3144185,33.3054732,249955.618583138,3688371.76963289
126.3144185,33.3054732,249955.618583138,3688371.76963289
126.3144186,33.3054732,249955.627896488,3688371.76939301
126.3144186,33.3054732,249955.627896488,3688371.76939301
126.3144185,33.3054732,249955.618583138,3688371.76963289
126.3144185,33.3054732,249955.618583138,3688371.76963289
126.3144184,33.3054732,249955.609269785,3688371.76987277
126.3144185,33.3054732,249955.618583138,3688371.76963289
126.3144185,33.3054732,249955.618583138,3688371.76963289
126.3144184,33.3054732,249955.609269785,3688371.76987277
126.3144185,33.3054733,249955.618868817,3688371.78072432
126.3144184,33.3054732,249955.609269785,3688371.76987277
126.3144185,33.3054732,249955.618583138,3688371.76963289
126.3144185,33.3054733,249955.618868817,3688371.78072432
126.3144184,33.3054733,249955.609555464,3688371.7809642
126.3144185,33.3054733,249955.618868817,3688371.78072432
126.3144184,33.3054733,249955.609555464,3688371.7809642
126.3144184,33.3054732,249955.609269785,3688371.76987277
126.3144184,33.3054733,249955.609555464,3688371.7809642
126.3144185,33.3054733,249955.618868817,3688371.78072432
126.3144185,33.3054733,249955.618868817,3688371.78072432
126.3144185,33.3054733,249955.618868817,3688371.78072432
126.3144185,33.3054733,249955.618868817,3688371.78072432
126.3144185,33.3054733,249955.618868817,3688371.78072432
126.3144185,33.3054733,249955.618868817,3688371.78072432
126.3144185,33.3054733,249955.618868817,3688371.78072432
126.3144185,33.3054733,249955.618868817,3688371.78072432
126.3144186,33.3054732,249955.627896488,3688371.76939301
126.3144186,33.3054732,249955.627896488,3688371.76939301
126.3144185,33.3054732,249955.618583138,3688371.76963289
126.3144186,33.3054732,249955.627896488,3688371.76939301
126.3144187,33.3054732,249955.637209838,3688371.76915313
126.3144187,33.3054732,249955.637209838,3688371.76915313
126.3144186,33.3054732,249955.627896488,3688371.76939301
126.3144185,33.3054732,249955.618583138,3688371.76963289
126.3144186,33.3054732,249955.627896488,3688371.76939301
126.3144186,33.3054731,249955.627610809,3688371.75830158
126.3144186,33.3054731,249955.627610809,3688371.75830158
126.3144186,33.3054731,249955.627610809,3688371.75830158
126.3144187,33.3054732,249955.637209838,3688371.76915313
126.3144187,33.3054732,249955.637209838,3688371.76915313
126.3144186,33.3054731,249955.627610809,3688371.75830158
126.3144186,33.3054732,249955.627896488,3688371.76939301
126.3144187,33.3054732,249955.637209838,3688371.76915313
126.3144187,33.3054732,249955.637209838,3688371.76915313
126.3144187,33.3054732,249955.637209838,3688371.76915313
126.3144186,33.3054731,249955.627610809,3688371.75830158
126.3144186,33.3054731,249955.627610809,3688371.75830158
126.3144186,33.3054731,249955.627610809,3688371.75830158
126.3144186,33.3054731,249955.627610809,3688371.75830158
126.3144186,33.3054731,249955.627610809,3688371.75830158
126.3144186,33.3054731,249955.627610809,3688371.75830158
126.3144186,33.3054731,249955.627610809,3688371.75830158
126.3144186,33.3054731,249955.627610809,3688371.75830158
126.3144187,33.3054731,249955.636924159,3688371.7580617
126.3144185,33.3054731,249955.618297459,3688371.75854146
126.3144186,33.3054731,249955.627610809,3688371.75830158
126.3144186,33.3054731,249955.627610809,3688371.75830158
126.3144186,33.3054732,249955.627896488,3688371.76939301
126.3144186,33.3054732,249955.627896488,3688371.76939301
126.3144186,33.3054732,249955.627896488,3688371.76939301
126.3144186,33.3054732,249955.627896488,3688371.76939301
126.3144186,33.3054731,249955.627610809,3688371.75830158
126.3144185,33.3054731,249955.618297459,3688371.75854146
126.3144186,33.3054732,249955.627896488,3688371.76939301
126.3144187,33.3054731,249955.636924159,3688371.7580617
126.3144187,33.3054731,249955.636924159,3688371.7580617
126.3144187,33.3054732,249955.637209838,3688371.76915313
126.3144186,33.3054732,249955.627896488,3688371.76939301
126.3144186,33.3054732,249955.627896488,3688371.76939301
126.3144186,33.3054732,249955.627896488,3688371.76939301
126.3144186,33.3054732,249955.627896488,3688371.76939301
126.3144186,33.3054732,249955.627896488,3688371.76939301
126.3144186,33.3054732,249955.627896488,3688371.76939301
126.3144186,33.3054732,249955.627896488,3688371.76939301
126.3144186,33.3054732,249955.627896488,3688371.76939301
126.3144186,33.3054732,249955.627896488,3688371.76939301
126.3144185,33.3054732,249955.618583138,3688371.76963289
126.3144186,33.3054732,249955.627896488,3688371.76939301
126.3144186,33.3054732,249955.627896488,3688371.76939301
126.3144186,33.3054732,249955.627896488,3688371.76939301
126.3144185,33.3054732,249955.618583138,3688371.76963289
126.3144186,33.3054732,249955.627896488,3688371.76939301
126.3144186,33.3054732,249955.627896488,3688371.76939301
126.3144187,33.3054733,249955.637495517,3688371.78024455
126.3144186,33.3054733,249955.628182167,3688371.78048443
126.3144186,33.3054732,249955.627896488,3688371.76939301
126.3144186,33.3054732,249955.627896488,3688371.76939301
126.3144187,33.3054732,249955.637209838,3688371.76915313
126.3144186,33.3054732,249955.627896488,3688371.76939301
126.3144186,33.3054732,249955.627896488,3688371.76939301
126.3144186,33.3054732,249955.627896488,3688371.76939301
126.3144186,33.3054732,249955.627896488,3688371.76939301
126.3144186,33.3054732,249955.627896488,3688371.76939301
126.3144186,33.3054732,249955.627896488,3688371.76939301
126.3144185,33.3054732,249955.618583138,3688371.76963289
126.3144186,33.3054733,249955.628182167,3688371.78048443
126.3144186,33.3054732,249955.627896488,3688371.76939301
126.3144186,33.3054733,249955.628182167,3688371.78048443
126.3144186,33.3054732,249955.627896488,3688371.76939301
126.3144186,33.3054732,249955.627896488,3688371.76939301
126.3144185,33.3054732,249955.618583138,3688371.76963289
126.3144185,33.3054732,249955.618583138,3688371.76963289
126.3144185,33.3054732,249955.618583138,3688371.76963289
126.3144186,33.3054732,249955.627896488,3688371.76939301
126.3144186,33.3054732,249955.627896488,3688371.76939301
126.3144185,33.3054732,249955.618583138,3688371.76963289
126.3144186,33.3054733,249955.628182167,3688371.78048443
126.3144185,33.3054733,249955.618868817,3688371.78072432
126.3144186,33.3054732,249955.627896488,3688371.76939301
126.3144186,33.3054733,249955.628182167,3688371.78048443
126.3144186,33.3054733,249955.628182167,3688371.78048443
126.3144186,33.3054732,249955.627896488,3688371.76939301
126.3144186,33.3054733,249955.628182167,3688371.78048443
126.3144186,33.3054733,249955.628182167,3688371.78048443
126.3144185,33.3054733,249955.618868817,3688371.78072432
126.3144186,33.3054732,249955.627896488,3688371.76939301
126.3144186,33.3054733,249955.628182167,3688371.78048443
126.3144186,33.3054733,249955.628182167,3688371.78048443
126.3144186,33.3054733,249955.628182167,3688371.78048443
126.3144186,33.3054733,249955.628182167,3688371.78048443
126.3144185,33.3054733,249955.618868817,3688371.78072432
126.3144186,33.3054733,249955.628182167,3688371.78048443
126.3144185,33.3054733,249955.618868817,3688371.78072432
126.3144186,33.3054733,249955.628182167,3688371.78048443
126.3144186,33.3054733,249955.628182167,3688371.78048443
126.3144185,33.3054733,249955.618868817,3688371.78072432
126.3144184,33.3054733,249955.609555464,3688371.7809642
126.3144185,33.3054733,249955.618868817,3688371.78072432
126.3144185,33.3054732,249955.618583138,3688371.76963289
126.3144186,33.3054733,249955.628182167,3688371.78048443
126.3144185,33.3054732,249955.618583138,3688371.76963289
126.3144185,33.3054732,249955.618583138,3688371.76963289
126.3144185,33.3054733,249955.618868817,3688371.78072432
126.3144185,33.3054733,249955.618868817,3688371.78072432
126.3144185,33.3054733,249955.618868817,3688371.78072432
126.3144186,33.3054734,249955.628467846,3688371.79157586
126.3144186,33.3054733,249955.628182167,3688371.78048443
126.3144186,33.3054733,249955.628182167,3688371.78048443
126.3144185,33.3054733,249955.618868817,3688371.78072432
126.3144185,33.3054733,249955.618868817,3688371.78072432
126.3144185,33.3054733,249955.618868817,3688371.78072432
126.3144185,33.3054733,249955.618868817,3688371.78072432
126.3144185,33.3054733,249955.618868817,3688371.78072432
126.3144184,33.3054732,249955.609269785,3688371.76987277
126.3144185,33.3054733,249955.618868817,3688371.78072432
126.3144185,33.3054733,249955.618868817,3688371.78072432
126.3144185,33.3054733,249955.618868817,3688371.78072432
126.3144185,33.3054732,249955.618583138,3688371.76963289
126.3144185,33.3054732,249955.618583138,3688371.76963289
126.3144185,33.3054732,249955.618583138,3688371.76963289
126.3144185,33.3054732,249955.618583138,3688371.76963289
126.3144185,33.3054732,249955.618583138,3688371.76963289
126.3144185,33.3054732,249955.618583138,3688371.76963289
126.3144185,33.3054732,249955.618583138,3688371.76963289
126.3144186,33.3054732,249955.627896488,3688371.76939301
126.3144186,33.3054732,249955.627896488,3688371.76939301
126.3144185,33.3054732,249955.618583138,3688371.76963289
126.3144185,33.3054732,249955.618583138,3688371.76963289
126.3144186,33.3054733,249955.628182167,3688371.78048443
126.3144186,33.3054732,249955.627896488,3688371.76939301
126.3144186,33.3054733,249955.628182167,3688371.78048443
126.3144186,33.3054733,249955.628182167,3688371.78048443
126.3144185,33.3054733,249955.618868817,3688371.78072432
126.3144186,33.3054733,249955.628182167,3688371.78048443
126.3144185,33.3054733,249955.618868817,3688371.78072432
126.3144185,33.3054733,249955.618868817,3688371.78072432
126.3144185,33.3054732,249955.618583138,3688371.76963289
126.3144185,33.3054733,249955.618868817,3688371.78072432
126.3144185,33.3054733,249955.618868817,3688371.78072432
126.3144186,33.3054734,249955.628467846,3688371.79157586
126.3144186,33.3054733,249955.628182167,3688371.78048443
126.3144186,33.3054733,249955.628182167,3688371.78048443
126.3144186,33.3054734,249955.628467846,3688371.79157586
126.3144186,33.3054734,249955.628467846,3688371.79157586
126.3144185,33.3054734,249955.619154496,3688371.79181574
126.3144185,33.3054734,249955.619154496,3688371.79181574
126.3144185,33.3054735,249955.619440174,3688371.80290717
126.3144185,33.3054734,249955.619154496,3688371.79181574
126.3144186,33.3054734,249955.628467846,3688371.79157586
126.3144185,33.3054734,249955.619154496,3688371.79181574
126.3144185,33.3054734,249955.619154496,3688371.79181574
126.3144185,33.3054734,249955.619154496,3688371.79181574
126.3144185,33.3054734,249955.619154496,3688371.79181574
126.3144186,33.3054734,249955.628467846,3688371.79157586
126.3144186,33.3054734,249955.628467846,3688371.79157586
126.3144185,33.3054734,249955.619154496,3688371.79181574
126.3144184,33.3054734,249955.609841143,3688371.79205562
126.3144184,33.3054734,249955.609841143,3688371.79205562
126.3144184,33.3054735,249955.610126822,3688371.80314705
126.3144185,33.3054735,249955.619440174,3688371.80290717
126.3144185,33.3054734,249955.619154496,3688371.79181574
126.3144185,33.3054734,249955.619154496,3688371.79181574
126.3144184,33.3054734,249955.609841143,3688371.79205562
126.3144185,33.3054734,249955.619154496,3688371.79181574
126.3144185,33.3054735,249955.619440174,3688371.80290717
126.3144185,33.3054735,249955.619440174,3688371.80290717
126.3144185,33.3054734,249955.619154496,3688371.79181574
126.3144185,33.3054734,249955.619154496,3688371.79181574
126.3144185,33.3054734,249955.619154496,3688371.79181574
126.3144185,33.3054734,249955.619154496,3688371.79181574
126.3144185,33.3054734,249955.619154496,3688371.79181574
126.3144185,33.3054734,249955.619154496,3688371.79181574
126.3144186,33.3054734,249955.628467846,3688371.79157586
126.3144185,33.3054734,249955.619154496,3688371.79181574
126.3144185,33.3054734,249955.619154496,3688371.79181574
126.3144185,33.3054735,249955.619440174,3688371.80290717
126.3144185,33.3054734,249955.619154496,3688371.79181574
126.3144184,33.3054734,249955.609841143,3688371.79205562
126.3144184,33.3054734,249955.609841143,3688371.79205562
126.3144185,33.3054735,249955.619440174,3688371.80290717
126.3144185,33.3054735,249955.619440174,3688371.80290717
126.3144185,33.3054734,249955.619154496,3688371.79181574
126.3144185,33.3054734,249955.619154496,3688371.79181574
126.3144184,33.3054734,249955.609841143,3688371.79205562
126.3144185,33.3054734,249955.619154496,3688371.79181574
126.3144185,33.3054734,249955.619154496,3688371.79181574
126.3144185,33.3054734,249955.619154496,3688371.79181574
126.3144185,33.3054734,249955.619154496,3688371.79181574
126.3144186,33.3054734,249955.628467846,3688371.79157586
126.3144184,33.3054734,249955.609841143,3688371.79205562
126.3144185,33.3054734,249955.619154496,3688371.79181574
126.3144185,33.3054734,249955.619154496,3688371.79181574
126.3144185,33.3054734,249955.619154496,3688371.79181574
126.3144185,33.3054734,249955.619154496,3688371.79181574
126.3144185,33.3054734,249955.619154496,3688371.79181574
126.3144185,33.3054733,249955.618868817,3688371.78072432
126.3144185,33.3054734,249955.619154496,3688371.79181574
126.3144185,33.3054734,249955.619154496,3688371.79181574
126.3144185,33.3054733,249955.618868817,3688371.78072432
126.3144185,33.3054733,249955.618868817,3688371.78072432
126.3144185,33.3054734,249955.619154496,3688371.79181574
126.3144185,33.3054734,249955.619154496,3688371.79181574
126.3144185,33.3054733,249955.618868817,3688371.78072432
126.3144185,33.3054734,249955.619154496,3688371.79181574
126.3144185,33.3054734,249955.619154496,3688371.79181574
126.3144186,33.3054734,249955.628467846,3688371.79157586
126.3144186,33.3054733,249955.628182167,3688371.78048443
126.3144186,33.3054733,249955.628182167,3688371.78048443
126.3144185,33.3054734,249955.619154496,3688371.79181574
126.3144185,33.3054734,249955.619154496,3688371.79181574
126.3144185,33.3054734,249955.619154496,3688371.79181574
126.3144186,33.3054734,249955.628467846,3688371.79157586
126.3144186,33.3054734,249955.628467846,3688371.79157586
126.3144185,33.3054734,249955.619154496,3688371.79181574
126.3144186,33.3054734,249955.628467846,3688371.79157586
126.3144186,33.3054733,249955.628182167,3688371.78048443
126.3144186,33.3054733,249955.628182167,3688371.78048443
126.3144185,33.3054734,249955.619154496,3688371.79181574
126.3144186,33.3054734,249955.628467846,3688371.79157586
126.3144186,33.3054733,249955.628182167,3688371.78048443
126.3144186,33.3054734,249955.628467846,3688371.79157586
126.3144186,33.3054734,249955.628467846,3688371.79157586
126.3144186,33.3054734,249955.628467846,3688371.79157586
126.3144185,33.3054733,249955.618868817,3688371.78072432
126.3144186,33.3054733,249955.628182167,3688371.78048443
126.3144186,33.3054734,249955.628467846,3688371.79157586
126.3144186,33.3054734,249955.628467846,3688371.79157586
126.3144187,33.3054733,249955.637495517,3688371.78024455
126.3144186,33.3054733,249955.628182167,3688371.78048443
126.3144186,33.3054733,249955.628182167,3688371.78048443
126.3144186,33.3054733,249955.628182167,3688371.78048443
126.3144187,33.3054733,249955.637495517,3688371.78024455
126.3144186,33.3054733,249955.628182167,3688371.78048443
126.3144186,33.3054733,249955.628182167,3688371.78048443
126.3144186,33.3054733,249955.628182167,3688371.78048443
126.3144186,33.3054733,249955.628182167,3688371.78048443
126.3144186,33.3054733,249955.628182167,3688371.78048443
126.3144186,33.3054733,249955.628182167,3688371.78048443
126.3144186,33.3054733,249955.628182167,3688371.78048443
126.3144186,33.3054733,249955.628182167,3688371.78048443
126.3144186,33.3054733,249955.628182167,3688371.78048443
126.3144186,33.3054733,249955.628182167,3688371.78048443
126.3144186,33.3054732,249955.627896488,3688371.76939301
126.3144186,33.3054733,249955.628182167,3688371.78048443
126.3144185,33.3054732,249955.618583138,3688371.76963289
126.3144186,33.3054733,249955.628182167,3688371.78048443
126.3144185,33.3054733,249955.618868817,3688371.78072432
126.3144185,33.3054732,249955.618583138,3688371.76963289
126.3144186,33.3054732,249955.627896488,3688371.76939301
126.3144186,33.3054733,249955.628182167,3688371.78048443
126.3144186,33.3054733,249955.628182167,3688371.78048443
126.3144186,33.3054733,249955.628182167,3688371.78048443
126.3144186,33.3054732,249955.627896488,3688371.76939301
126.3144187,33.3054733,249955.637495517,3688371.78024455
126.3144186,33.3054733,249955.628182167,3688371.78048443
126.3144186,33.3054733,249955.628182167,3688371.78048443
126.3144186,33.3054732,249955.627896488,3688371.76939301
126.3144186,33.3054733,249955.628182167,3688371.78048443
126.3144186,33.3054733,249955.628182167,3688371.78048443
126.3144185,33.3054732,249955.618583138,3688371.76963289
126.3144186,33.3054733,249955.628182167,3688371.78048443
126.3144186,33.3054734,249955.628467846,3688371.79157586
126.3144186,33.3054733,249955.628182167,3688371.78048443
126.3144186,33.3054732,249955.627896488,3688371.76939301
126.3144186,33.3054733,249955.628182167,3688371.78048443
126.3144186,33.3054733,249955.628182167,3688371.78048443
126.3144185,33.3054733,249955.618868817,3688371.78072432
126.3144186,33.3054733,249955.628182167,3688371.78048443
126.3144186,33.3054733,249955.628182167,3688371.78048443
126.3144186,33.3054733,249955.628182167,3688371.78048443
126.3144186,33.3054733,249955.628182167,3688371.78048443
126.3144185,33.3054733,249955.618868817,3688371.78072432
126.3144185,33.3054733,249955.618868817,3688371.78072432
126.3144186,33.3054733,249955.628182167,3688371.78048443
126.3144186,33.3054733,249955.628182167,3688371.78048443
126.3144186,33.3054733,249955.628182167,3688371.78048443
126.3144185,33.3054733,249955.618868817,3688371.78072432
126.3144185,33.3054733,249955.618868817,3688371.78072432
126.3144186,33.3054733,249955.628182167,3688371.78048443
126.3144186,33.3054733,249955.628182167,3688371.78048443
126.3144186,33.3054733,249955.628182167,3688371.78048443
126.3144187,33.3054733,249955.637495517,3688371.78024455
126.3144187,33.3054733,249955.637495517,3688371.78024455
126.3144186,33.3054733,249955.628182167,3688371.78048443
126.3144186,33.3054733,249955.628182167,3688371.78048443
126.3144186,33.3054733,249955.628182167,3688371.78048443
126.3144187,33.3054733,249955.637495517,3688371.78024455
126.3144186,33.3054733,249955.628182167,3688371.78048443
126.3144187,33.3054733,249955.637495517,3688371.78024455
126.3144186,33.3054733,249955.628182167,3688371.78048443
126.3144186,33.3054733,249955.628182167,3688371.78048443
126.3144186,33.3054733,249955.628182167,3688371.78048443
126.3144186,33.3054733,249955.628182167,3688371.78048443
126.3144185,33.3054733,249955.618868817,3688371.78072432
126.3144185,33.3054733,249955.618868817,3688371.78072432
126.3144186,33.3054733,249955.628182167,3688371.78048443
126.3144187,33.3054733,249955.637495517,3688371.78024455
126.3144186,33.3054733,249955.628182167,3688371.78048443
126.3144186,33.3054733,249955.628182167,3688371.78048443
126.3144186,33.3054732,249955.627896488,3688371.76939301
126.3144187,33.3054732,249955.637209838,3688371.76915313
126.3144186,33.3054732,249955.627896488,3688371.76939301
126.3144186,33.3054732,249955.627896488,3688371.76939301
126.3144186,33.3054732,249955.627896488,3688371.76939301
126.3144185,33.3054732,249955.618583138,3688371.76963289
126.3144185,33.3054732,249955.618583138,3688371.76963289
126.3144187,33.3054732,249955.637209838,3688371.76915313
126.3144187,33.3054732,249955.637209838,3688371.76915313
126.3144186,33.3054733,249955.628182167,3688371.78048443
126.3144186,33.3054732,249955.627896488,3688371.76939301
126.3144186,33.3054732,249955.627896488,3688371.76939301
126.3144185,33.3054732,249955.618583138,3688371.76963289
126.3144186,33.3054732,249955.627896488,3688371.76939301
126.3144186,33.3054732,249955.627896488,3688371.76939301
126.3144186,33.3054732,249955.627896488,3688371.76939301
126.3144186,33.3054732,249955.627896488,3688371.76939301
126.3144185,33.3054732,249955.618583138,3688371.76963289
126.3144186,33.3054733,249955.628182167,3688371.78048443
126.3144185,33.3054733,249955.618868817,3688371.78072432
126.3144185,33.3054733,249955.618868817,3688371.78072432
126.3144186,33.3054733,249955.628182167,3688371.78048443
126.3144187,33.3054733,249955.637495517,3688371.78024455
126.3144186,33.3054734,249955.628467846,3688371.79157586
126.3144185,33.3054733,249955.618868817,3688371.78072432
126.3144185,33.3054733,249955.618868817,3688371.78072432
126.3144186,33.3054732,249955.627896488,3688371.76939301
126.3144185,33.3054732,249955.618583138,3688371.76963289
126.3144186,33.3054732,249955.627896488,3688371.76939301
126.3144186,33.3054732,249955.627896488,3688371.76939301
126.3144185,33.3054732,249955.618583138,3688371.76963289
126.3144186,33.3054731,249955.627610809,3688371.75830158
126.3144187,33.3054732,249955.637209838,3688371.76915313
