Long,Lat,UTM_X(East),UTM_Y(North)
126.3144656,33.3055342,249960.17943224337,3688378.4224194433
126.3144656,33.3055342,249960.17943224337,3688378.4224194433
126.3144655,33.3055342,249960.1701188975,3688378.4226593208
126.3144656,33.3055342,249960.17943224337,3688378.4224194433
126.3144656,33.3055342,249960.17943224337,3688378.4224194433
126.3144656,33.3055342,249960.17943224337,3688378.4224194433
126.3144656,33.3055342,249960.17943224337,3688378.4224194433
126.3144656,33.3055342,249960.17943224337,3688378.4224194433
126.3144656,33.3055342,249960.17943224337,3688378.4224194433
126.3144656,33.3055342,249960.17943224337,3688378.4224194433
126.3144656,33.3055342,249960.17943224337,3688378.4224194433
126.3144656,33.3055343,249960.1797179176,3688378.4335108697
126.3144656,33.3055342,249960.17943224337,3688378.4224194433
126.3144656,33.3055342,249960.17943224337,3688378.4224194433
126.3144656,33.3055342,249960.17943224337,3688378.4224194433
126.3144656,33.3055342,249960.17943224337,3688378.4224194433
126.3144656,33.3055341,249960.17914656922,3688378.4113280177
126.3144656,33.3055342,249960.17943224337,3688378.4224194433
126.3144656,33.3055341,249960.17914656922,3688378.4113280177
126.3144656,33.3055341,249960.17914656922,3688378.4113280177
126.3144656,33.3055342,249960.17943224337,3688378.4224194433
126.3144655,33.3055341,249960.16983322336,3688378.411567895
126.3144655,33.3055342,249960.1701188975,3688378.4226593208
126.3144656,33.3055342,249960.17943224337,3688378.4224194433
126.3144656,33.3055342,249960.17943224337,3688378.4224194433
126.3144656,33.3055342,249960.17943224337,3688378.4224194433
126.3144656,33.3055342,249960.17943224337,3688378.4224194433
126.3144656,33.3055342,249960.17943224337,3688378.4224194433
126.3144656,33.3055342,249960.17943224337,3688378.4224194433
126.3144656,33.3055342,249960.17943224337,3688378.4224194433
126.3144655,33.3055342,249960.1701188975,3688378.4226593208
126.3144655,33.3055342,249960.1701188975,3688378.4226593208
126.3144655,33.3055342,249960.1701188975,3688378.4226593208
126.3144656,33.3055342,249960.17943224337,3688378.4224194433
126.3144655,33.3055342,249960.1701188975,3688378.4226593208
126.3144656,33.3055342,249960.17943224337,3688378.4224194433
126.3144656,33.3055342,249960.17943224337,3688378.4224194433
126.3144656,33.3055342,249960.17943224337,3688378.4224194433
126.3144656,33.3055342,249960.17943224337,3688378.4224194433
126.3144656,33.3055342,249960.17943224337,3688378.4224194433
126.3144656,33.3055342,249960.17943224337,3688378.4224194433
126.3144656,33.3055342,249960.17943224337,3688378.4224194433
126.3144656,33.3055342,249960.17943224337,3688378.4224194433
126.3144656,33.3055342,249960.17943224337,3688378.4224194433
126.3144655,33.3055342,249960.1701188975,3688378.4226593208
126.3144656,33.3055342,249960.17943224337,3688378.4224194433
126.3144655,33.3055342,249960.1701188975,3688378.4226593208
126.3144655,33.3055342,249960.1701188975,3688378.4226593208
126.3144656,33.3055342,249960.17943224337,3688378.4224194433
126.3144656,33.3055342,249960.17943224337,3688378.4224194433
126.3144656,33.3055342,249960.17943224337,3688378.4224194433
126.3144656,33.3055342,249960.17943224337,3688378.4224194433
126.3144656,33.3055342,249960.17943224337,3688378.4224194433
126.3144656,33.3055342,249960.17943224337,3688378.4224194433
126.3144656,33.3055342,249960.17943224337,3688378.4224194433
126.3144656,33.3055342,249960.17943224337,3688378.4224194433
126.3144656,33.3055342,249960.17943224337,3688378.4224194433
126.3144656,33.3055342,249960.17943224337,3688378.4224194433
126.3144655,33.3055342,249960.1701188975,3688378.4226593208
126.3144656,33.3055342,249960.17943224337,3688378.4224194433
126.3144655,33.3055342,249960.1701188975,3688378.4226593208
126.3144656,33.3055342,249960.17943224337,3688378.4224194433
126.3144655,33.3055342,249960.1701188975,3688378.4226593208
126.3144655,33.3055342,249960.1701188975,3688378.4226593208
126.3144655,33.3055342,249960.1701188975,3688378.4226593208
126.3144655,33.3055342,249960.1701188975,3688378.4226593208
126.3144655,33.3055342,249960.1701188975,3688378.4226593208
126.3144655,33.3055342,249960.1701188975,3688378.4226593208
126.3144655,33.3055342,249960.1701188975,3688378.4226593208
126.3144656,33.3055342,249960.17943224337,3688378.4224194433
126.3144656,33.3055342,249960.17943224337,3688378.4224194433
126.3144655,33.3055343,249960.17040457175,3688378.4337507472
126.3144656,33.3055343,249960.1797179176,3688378.4335108697
126.3144656,33.3055343,249960.1797179176,3688378.4335108697
126.3144657,33.3055345,249960.18960260952,3688378.4554538447
126.3144658,33.3055346,249960.1992016248,3688378.466305392
126.3144659,33.3055348,249960.20908631902,3688378.4882483655
126.314466,33.3055349,249960.2186853366,3688378.499099915
126.3144661,33.3055351,249960.22857002835,3688378.5210428885
126.3144663,33.3055353,249960.24776806345,3688378.5427459856
126.3144665,33.3055355,249960.2669660984,3688378.564449083
126.3144667,33.3055358,249960.2864498075,3688378.5972436043
126.3144669,33.3055361,249960.30593351868,3688378.6300381273
126.3144671,33.3055364,249960.3254172275,3688378.66283265
126.3144673,33.3055369,249960.34547228436,3688378.7178100254
126.3144675,33.3055373,249960.36524166682,3688378.7616959736
126.3144678,33.3055377,249960.3943243924,3688378.805342045
126.314468,33.3055381,249960.41409377693,3688378.849227993
126.3144682,33.3055387,249960.43443450457,3688378.915296793
126.3144685,33.3055392,249960.4638029056,3688378.9700342906
126.3144689,33.3055396,249960.50219897306,3688379.013440486
126.3144691,33.3055402,249960.5225397022,3688379.0795092867
126.3144695,33.3055408,249960.5615071191,3688379.1450983323
126.3144698,33.3055413,249960.59087551644,3688379.1998358304
126.3144703,33.3055419,249960.6391562727,3688379.265185
126.3144707,33.3055424,249960.67783801426,3688379.319682621
126.314471,33.3055429,249960.7072064107,3688379.374420118
126.3144714,33.3055436,249960.74645949886,3688379.4511005906
126.3144718,33.3055441,249960.78514123693,3688379.505598213
126.3144722,33.3055446,249960.82382297452,3688379.560095832
126.3144725,33.3055451,249960.85319136942,3688379.6148333326
126.3144729,33.3055457,249960.8921587822,3688379.680422379
126.3144733,33.3055462,249960.9308405185,3688379.734920001
126.3144737,33.3055467,249960.96952225457,3688379.7894176235
126.314474,33.3055474,249960.99946199724,3688379.8663379736
126.3144744,33.3055478,249961.03785805896,3688379.909744169
126.3144747,33.3055484,249961.0675121251,3688379.9755730936
126.314475,33.3055489,249961.09688052002,3688380.0303105926
126.3144753,33.3055493,249961.12596323885,3688380.0739566665
126.3144757,33.3055498,249961.16464497248,3688380.128454289
126.3144759,33.3055504,249961.1849856956,3688380.19452309
126.3144763,33.3055508,249961.22338175526,3688380.2379292864
126.3144765,33.3055513,249961.24343680698,3688380.292906663
126.3144768,33.3055519,249961.27309087085,3688380.3587355874
126.3144771,33.3055526,249961.30303060747,3688380.4356559385
126.3144772,33.3055532,249961.31405798774,3688380.501964616
126.3144779,33.3055545,249961.3829651299,3688380.644474017
126.3144783,33.3055552,249961.4222182062,3688380.7211544923
126.3144786,33.3055559,249961.45215794313,3688380.798074843
126.3144789,33.3055565,249961.4818120044,3688380.8639037693
126.3144793,33.3055573,249961.5213507522,3688380.9516756693
126.3144797,33.305558,249961.56060382878,3688381.028356146
126.3144801,33.3055588,249961.60014257528,3688381.116128047
126.3144805,33.3055596,249961.63968132102,3688381.2038999484
126.314481,33.3055603,249961.68824773649,3688381.280340548
126.3144814,33.3055611,249961.72778648103,3688381.368112449
126.3144819,33.3055619,249961.77663856544,3688381.4556444753
126.3144824,33.3055625,249961.8249193061,3688381.5209936495
126.314483,33.3055632,249961.88279905665,3688381.597194375
126.3144834,33.3055639,249961.92205212818,3688381.673874851
126.3144839,33.3055645,249961.97033286444,3688381.739224026
126.3144843,33.3055652,249962.00958593245,3688381.8159045023
126.3144848,33.3055659,249962.05815234236,3688381.8923451044
126.3144851,33.3055666,249962.0880920692,3688381.9692654563
126.3144855,33.3055672,249962.12705946315,3688382.034854508
126.3144857,33.3055679,249962.1476858517,3688382.1120147365
126.314486,33.3055686,249962.1776255774,3688382.18893509
126.3144864,33.3055691,249962.21630729764,3688382.243432715
126.3144868,33.3055698,249962.2555603621,3688382.3201131937
126.314487,33.3055705,249962.27618674928,3688382.3972734227
126.3144872,33.305571,249962.29624178936,3688382.4522507996
126.3144875,33.3055715,249962.32561016871,3688382.5069883023
126.314488,33.3055721,249962.3738908986,3688382.5723374784
126.3144882,33.3055727,249962.3942316123,3688382.6384062823
126.3144886,33.3055733,249962.43319900203,3688382.7039953345
126.3144889,33.3055739,249962.46285305195,3688382.7698242622
126.3144892,33.3055745,249962.49250710153,3688382.83565319
126.3144895,33.3055752,249962.5224468228,3688382.912573545
126.3144899,33.3055758,249962.561414213,3688382.9781625974
126.3144902,33.3055763,249962.59078258948,3688383.0329000996
126.3144905,33.305577,249962.6207223119,3688383.1098204535
126.3144907,33.3055777,249962.64134869038,3688383.1869806843
126.3144909,33.3055783,249962.66168940143,3688383.2530494886
126.3144913,33.3055789,249962.7006567872,3688383.3186385413
126.3144914,33.3055797,249962.71225550037,3688383.407130073
126.3144917,33.3055804,249962.74219522093,3688383.484050426
126.314492,33.305581,249962.77184926692,3688383.5498793554
126.3144924,33.3055817,249962.81110232265,3688383.6265598354
126.3144926,33.3055824,249962.83172870136,3688383.7037200644
126.314493,33.305583,249962.87069608673,3688383.769309119
126.3144933,33.3055837,249962.90063580283,3688383.846229473
126.3144935,33.3055843,249962.92097650885,3688383.912298279
126.3144938,33.305585,249962.95091622428,3688383.9892186327
126.314494,33.3055857,249962.97154260136,3688384.0663788635
126.3144941,33.3055864,249962.9828556427,3688384.143778968
126.3144944,33.3055871,249963.01279535712,3688384.220699322
126.3144946,33.3055878,249963.03342173333,3688384.2978595532
126.3144948,33.3055886,249963.0543337809,3688384.386111209
126.314495,33.3055892,249963.07467448516,3688384.452180013
126.3144952,33.30559,249963.09558653214,3688384.5404316704
126.3144954,33.3055907,249963.11621290972,3688384.6175919003
126.3144956,33.3055913,249963.1365536132,3688384.683660705
126.3144959,33.305592,249963.16649332514,3688384.7605810594
126.314496,33.3055928,249963.17809203384,3688384.8490725905
126.3144962,33.3055935,249963.19871840795,3688384.9262328213
126.3144963,33.3055943,249963.21031711873,3688385.014724353
126.3144965,33.3055951,249963.23122916382,3688385.102976009
126.3144967,33.3055958,249963.2518555372,3688385.1801362387
126.3144969,33.3055966,249963.27276758177,3688385.268387896
126.314497,33.3055973,249963.284080618,3688385.345788001
126.3144972,33.3055981,249963.30499266204,3688385.434039657
126.3144974,33.3055988,249963.32561903447,3688385.5111998883
126.3144976,33.3055995,249963.3462454066,3688385.5883601196
126.3144978,33.3056003,249963.36715745222,3688385.6766117755
126.314498,33.305601,249963.38778382383,3688385.7537720073
126.3144982,33.3056017,249963.40841019517,3688385.8309322363
126.3144984,33.3056024,249963.4290365663,3688385.908092466
126.3144986,33.3056032,249963.4499486083,3688385.9963441244
126.3144988,33.3056039,249963.4705749789,3688386.0735043553
126.314499,33.3056046,249963.4912013515,3688386.150664586
126.3144991,33.3056052,249963.50222871464,3688386.2169732656
126.3144994,33.3056059,249963.53216842018,3688386.2938936222
126.3144995,33.3056066,249963.54348145405,3688386.3712937273
126.3144997,33.3056073,249963.56410782336,3688386.4484539586
126.3144999,33.3056081,249963.58501986592,3688386.5367056155
126.3145001,33.3056088,249963.60564623476,3688386.6138658472
126.3145002,33.3056094,249963.61667359676,3688386.680174527
126.3145005,33.3056101,249963.64661330043,3688386.7570948834
126.3145007,33.3056109,249963.66752533955,3688386.8453465393
126.3145009,33.3056115,249963.68786603623,3688386.911415345
126.3145008,33.3056123,249963.68083806965,3688387.000386626
126.3145007,33.305613,249963.67352443218,3688387.0782664823
126.314501,33.3056137,249963.70346413692,3688387.155186837
126.3145011,33.3056143,249963.71449149805,3688387.221495518
126.3145012,33.305615,249963.7258045279,3688387.2988956245
126.3145013,33.3056156,249963.73683189123,3688387.365204304
126.3145014,33.3056162,249963.7478592521,3688387.4315129835
126.3145015,33.3056169,249963.75917228387,3688387.508913089
126.3145016,33.3056175,249963.77019964458,3688387.5752217686
126.3145016,33.3056181,249963.77191367073,3688387.641770323
126.3145018,33.3056187,249963.79225436563,3688387.707839128
126.3145019,33.3056194,249963.80356739703,3688387.785239235
126.3145019,33.30562,249963.80528142312,3688387.8517877907
126.314502,33.3056206,249963.81630878334,3688387.91809647
126.314502,33.3056212,249963.81802280937,3688387.9846450244
126.3145021,33.3056219,249963.82933584045,3688388.0620451304
126.3145021,33.3056225,249963.8310498665,3688388.1285936846
126.3145022,33.3056231,249963.84207722894,3688388.1949023646
126.3145024,33.3056237,249963.8624179202,3688388.2609711722
126.3145024,33.3056243,249963.8641319462,3688388.327519726
126.3145024,33.3056249,249963.86584597206,3688388.3940682802
126.3145025,33.3056254,249963.8765876631,3688388.4492855337
126.3145027,33.305626,249963.89692835615,3688388.51535434
126.3145028,33.3056265,249963.90767004457,3688388.570571595
126.3145028,33.3056271,249963.9093840704,3688388.63712015
126.3145029,33.3056276,249963.9201257586,3688388.6923374035
126.314503,33.3056281,249963.93086744688,3688388.747554658
126.3145032,33.3056288,249963.95149381008,3688388.82471489
126.3145032,33.3056293,249963.95292216475,3688388.880172019
126.3145033,33.3056299,249963.96394952366,3688388.946480699
126.3145035,33.3056305,249963.98429021784,3688389.0125495056
126.3145035,33.3056311,249963.98600424343,3688389.0790980603
126.3145035,33.3056317,249963.98771826897,3688389.1456466145
126.3145036,33.3056324,249963.999031296,3688389.2230467196
126.3145037,33.305633,249964.01005865668,3688389.2893554
126.3145038,33.3056337,249964.02137168596,3688389.3667555065
126.3145038,33.3056345,249964.02365705333,3688389.4554869127
126.3145038,33.3056352,249964.02565674976,3688389.533126893
126.3145039,33.3056359,249964.03696977874,3688389.610526999
126.3145038,33.3056367,249964.0299418138,3688389.69949828
126.3145038,33.3056376,249964.0325128522,3688389.7993211113
126.3145039,33.3056385,249964.0443972229,3688389.89890407
126.3145039,33.3056394,249964.04696826145,3688389.9987269
126.3145038,33.3056404,249964.04051163894,3688390.1098810327
126.3145039,33.3056414,249964.05268168057,3688390.220555417
126.3145038,33.3056424,249964.0462250584,3688390.33170955
126.3145038,33.3056435,249964.0493674392,3688390.453715232
126.3145038,33.3056446,249964.05250982012,3688390.5757209156
126.3145038,33.3056456,249964.0553665301,3688390.6866351743
126.3145036,33.3056467,249964.03988224614,3688390.8091206066
126.3145035,33.3056479,249964.03399696978,3688390.9424575893
126.3145034,33.3056491,249964.02811169132,3688391.075794574
126.3145033,33.3056502,249964.02194073988,3688391.198040133
126.3145032,33.3056513,249964.01576979106,3688391.320285691
126.3145032,33.3056525,249964.01919784446,3688391.4533827994
126.3145031,33.3056536,249964.0130268962,3688391.575628359
126.314503,33.3056546,249964.00657027718,3688391.6867824905
126.314503,33.3056557,249964.00971265993,3688391.808788174
126.314503,33.3056568,249964.01285504282,3688391.930793858
126.314503,33.3056577,249964.01542608344,3688392.0306166895
126.314503,33.3056588,249964.0185684665,3688392.1526223756
126.3145031,33.3056598,249964.03073850842,3688392.263296759
126.3145031,33.3056608,249964.03359522036,3688392.374211016
126.3145032,33.3056617,249964.0454795909,3688392.473793975
126.3145032,33.3056626,249964.04805063162,3688392.5736168064
126.3145033,33.3056635,249964.05993500206,3688392.673199765
126.3145035,33.3056644,249964.08113270416,3688392.772542848
126.3145036,33.3056653,249964.09301707178,3688392.8721258063
126.3145036,33.3056661,249964.09530244124,3688392.9608572125
126.3145035,33.305667,249964.08856015507,3688393.060919918
126.3145034,33.3056678,249964.08153219562,3688393.149891201
126.3145035,33.3056686,249964.09313089438,3688393.2383827325
126.3145035,33.3056695,249964.09570193532,3688393.3382055643
126.3145035,33.3056704,249964.09827297632,3688393.438028396
126.3145035,33.3056713,249964.10084401738,3688393.537851229
126.3145036,33.3056722,249964.11272838476,3688393.6374341873
126.3145035,33.3056731,249964.10598609972,3688393.7374968943
126.3145033,33.305674,249964.0899304817,3688393.837799476
126.3145033,33.3056749,249964.0925015232,3688393.9376223083
126.3145033,33.3056758,249964.09507256476,3688394.037445141
126.3145032,33.3056768,249964.08861594956,3688394.148599274
126.3145031,33.3056777,249964.08187366324,3688394.24866198
126.3145031,33.3056787,249964.08473037652,3688394.359576239
126.314503,33.3056798,249964.07855943346,3688394.4818217964
126.3145028,33.3056808,249964.06278949152,3688394.593215804
126.3145024,33.3056819,249964.0286785639,3688394.716180989
126.3145021,33.3056829,249964.00359529574,3688394.8278148705
126.3145018,33.3056841,249963.97908337132,3688394.9616316045
126.3145016,33.3056852,249963.96359910342,3688395.0841170386
126.3145013,33.3056864,249963.93908718062,3688395.217933773
126.3145011,33.3056875,249963.923602914,3688395.340419206
126.3145009,33.3056887,249963.9084043173,3688395.4739960665
126.3145007,33.30569,249963.89349139517,3688395.618664352
126.3145004,33.3056911,249963.86869380367,3688395.74138966
126.3145002,33.3056924,249963.8537808831,3688395.886057947
126.3145,33.3056936,249963.83858228897,3688396.0196348066
126.3144996,33.3056948,249963.80475704535,3688396.153691417
126.3144992,33.3056959,249963.770646131,3688396.276656602
126.3144988,33.305697,249963.73653521534,3688396.399621786
126.3144986,33.3056981,249963.7210509548,3688396.522107221
126.3144981,33.3056993,249963.67791238945,3688396.656403706
126.3144977,33.3057004,249963.64380147916,3688396.7793688923
126.3144975,33.3057015,249963.628317221,3688396.9018543265
126.314497,33.3057025,249963.5846073125,3688397.0139679615
126.3144965,33.3057036,249963.5411830798,3688397.1371730226
126.3144963,33.3057046,249963.52541315168,3688397.2485670317
126.3144958,33.3057057,249963.48198891865,3688397.3717720928
126.3144954,33.3057067,249963.4475923419,3688397.4836458536
126.3144953,33.3057077,249963.4411357407,3688397.594799988
126.3144951,33.3057087,249963.42536581503,3688397.7061939975
126.3144948,33.3057096,249963.39999689042,3688397.806736457
126.3144946,33.3057106,249963.38422696583,3688397.918130467
126.3144944,33.3057115,249963.3681713692,3688398.0184330516
126.3144938,33.3057123,249963.3145768006,3688398.108603712
126.3144936,33.3057132,249963.2985212052,3688398.2089062957
126.3144933,33.305714,249963.27286661344,3688398.2983573293
126.3144929,33.3057148,249963.2378986981,3688398.388048239
126.3144926,33.3057156,249963.21224410518,3688398.477499273
126.3144924,33.3057164,249963.19590283916,3688398.5667104316
126.3144921,33.3057173,249963.17053392236,3688398.6672528926
126.3144917,33.305718,249963.13528033684,3688398.745852377
126.3144913,33.3057189,249963.10059809533,3688398.846634714
126.314491,33.3057198,249963.07522918063,3688398.947177174
126.3144905,33.3057207,249963.0312336195,3688399.048199386
126.3144901,33.3057216,249962.99655138046,3688399.1489817235
126.3144897,33.3057225,249962.96186914464,3688399.249764061
126.3144894,33.3057234,249962.9365002328,3688399.350306521
126.3144889,33.3057244,249962.8927903462,3688399.462420161
126.3144886,33.3057254,249962.86770710922,3688399.57405405
126.3144882,33.3057264,249962.83331054993,3688399.6859278115
126.3144878,33.3057274,249962.7989139892,3688399.797801577
126.3144873,33.3057285,249962.75548978246,3688399.9210066427
126.3144868,33.3057296,249962.7120655747,3688400.04421171
126.3144864,33.3057307,249962.67795469292,3688400.1671768995
126.314486,33.3057318,249962.64384381226,3688400.29014209
126.3144855,33.305733,249962.6007052815,3688400.424438584
126.314485,33.3057341,249962.55728108095,3688400.5476436513
126.3144846,33.3057353,249962.5234558773,3688400.681700269
126.314484,33.3057365,249962.47100402875,3688400.816236639
126.3144834,33.3057377,249962.41855218422,3688400.9507730096
126.3144828,33.305739,249962.36638601287,3688401.0964008076
126.3144821,33.3057402,249962.30462085025,3688401.2311770553
126.3144814,33.3057415,249962.24314136125,3688401.37704473
126.3144808,33.3057427,249962.19068952117,3688401.5115811033
126.31448,33.3057439,249962.11961104302,3688401.6465972294
126.3144792,33.3057452,249962.04881823913,3688401.7927047843
126.3144786,33.3057464,249961.9963664069,3688401.9272411563
126.3144778,33.3057477,249961.92557360732,3688402.073348711
126.3144771,33.3057489,249961.86380845585,3688402.2081249636
126.3144764,33.3057502,249961.8023289834,3688402.353992642
126.3144759,33.3057515,249961.75947615117,3688402.4993805676
126.3144753,33.3057527,249961.70702432777,3688402.6339169433
126.3144747,33.3057541,249961.65514385357,3688402.790636172
126.3144741,33.3057553,249961.60269203366,3688402.9251725487
126.3144737,33.3057566,249961.56915252746,3688403.0703205974
126.3144731,33.3057578,249961.5167007106,3688403.2048569755
126.3144722,33.305759,249961.43630893456,3688403.3401129856
126.3144714,33.3057601,249961.36494480734,3688403.4640376936
126.3144709,33.3057612,249961.32152063737,3688403.5872427677
126.3144702,33.3057624,249961.25975550825,3688403.722019025
126.3144695,33.3057634,249961.19741902754,3688403.8346124315
126.3144688,33.3057644,249961.13508254843,3688403.947205838
126.3144681,33.3057655,249961.0730317489,3688404.0708906706
126.3144674,33.3057664,249961.0104095971,3688404.172392652
126.3144666,33.3057674,249960.9387598041,3688404.285225937
126.3144661,33.3057684,249960.89504997063,3688404.3973395885
126.3144653,33.3057691,249960.8225431526,3688404.4768985976
126.3144646,33.3057701,249960.76020668255,3688404.5894920058
126.314464,33.3057709,249960.7066121822,3688404.6796626854
126.3144634,33.3057717,249960.65301768057,3688404.769833365
126.3144628,33.3057727,249960.59999453498,3688404.882186896
126.3144623,33.3057734,249960.55542767962,3688404.9610262727
126.3144617,33.3057743,249960.50211885758,3688405.0622883793
126.3144611,33.3057751,249960.4485243626,3688405.1524590594
126.3144606,33.3057759,249960.40424318405,3688405.242389862
126.31446,33.3057767,249960.35064869112,3688405.332560544
126.3144594,33.3057775,249960.2970541969,3688405.4227312254
126.3144588,33.3057782,249960.24317402925,3688405.5018104822
126.3144582,33.3057789,249960.18929386014,3688405.580889738
126.3144575,33.3057797,249960.12638605406,3688405.6713002995
126.3144569,33.3057804,249960.072505887,3688405.750379557
126.3144562,33.3057812,249960.00959808074,3688405.84079012
126.3144556,33.3057819,249959.95571791806,3688405.9198693777
126.3144549,33.3057827,249959.8928101165,3688406.0102799414
126.3144542,33.3057836,249959.83018799106,3688406.1117819324
126.3144535,33.3057844,249959.76728018973,3688406.202192497
126.3144529,33.3057853,249959.71397138617,3688406.3034546077
126.3144522,33.3057861,249959.65106358714,3688406.393865174
126.3144515,33.3057871,249959.58872714714,3688406.506458594
126.3144509,33.305788,249959.53541834504,3688406.6077207066
126.3144503,33.3057889,249959.48210954646,3688406.7089828197
126.3144496,33.30579,249959.4200587863,3688406.832667665
126.314449,33.305791,249959.36703566596,3688406.9450212056
126.3144483,33.305792,249959.30469923333,3688407.057614626
126.3144476,33.305793,249959.2423627999,3688407.1702080485
126.3144459,33.305795,249959.08974999274,3688407.396114534
126.314445,33.3057961,249959.00907261152,3688407.520279143
126.314444,33.3057972,249958.91908191683,3688407.644683632
126.3144429,33.3057982,249958.81949223057,3688407.7582365777
126.314442,33.3057993,249958.73881485837,3688407.8824011907
126.3144411,33.3058005,249958.6584231649,3688408.0176572297
126.3144401,33.3058016,249958.56843247983,3688408.142061725
126.3144391,33.3058027,249958.4784417971,3688408.2664662213
126.314438,33.3058038,249958.37913780203,3688408.391110597
126.314437,33.3058049,249958.28914712422,3688408.515515095
126.3144358,33.3058061,249958.1808154992,3688408.651490783
126.3144347,33.3058071,249958.08122583496,3688408.765043737
126.3144335,33.3058082,249957.972608536,3688408.8899280005
126.3144324,33.3058092,249957.8730188743,3688409.0034809564
126.3144313,33.3058103,249957.77371489265,3688409.1281253416
126.3144301,33.3058113,249957.6648119218,3688409.2419181834
126.314429,33.3058122,249957.56493658965,3688409.3443797166
126.3144279,33.3058132,249957.46534693756,3688409.457932679
126.3144268,33.3058141,249957.36547160745,3688409.5603942173
126.3144257,33.3058151,249957.26588196005,3688409.67394718
126.3144245,33.305816,249957.1566933208,3688409.7766486015
126.3144235,33.305817,249957.06641699158,3688409.889961686
126.3144224,33.305818,249956.96682735122,3688410.0035146535
126.3144213,33.3058189,249956.8669520321,3688410.1059761965
126.3144203,33.3058197,249956.77610434714,3688410.1971064312
126.3144193,33.3058206,249956.68554234513,3688410.299328094
126.3144184,33.3058215,249956.60429365814,3688410.4013098744
126.3144175,33.3058224,249956.5230449752,3688410.503291656
126.3144165,33.3058232,249956.43219729728,3688410.5944218948
126.3144155,33.3058239,249956.34106393927,3688410.674460708
126.3144146,33.3058246,249956.25924389774,3688410.7542596394
126.3144137,33.3058253,249956.17742385526,3688410.834058571
126.3144127,33.305826,249956.0862905016,3688410.9140973873
126.3144118,33.3058267,249956.0044704619,3688410.99389632
126.314411,33.3058274,249955.9319637382,3688411.073455372
126.3144101,33.3058281,249955.85014370116,3688411.1532543064
126.3144092,33.3058287,249955.76803798293,3688411.2219618163
126.3144085,33.3058294,249955.70484457284,3688411.3012809856
126.3144075,33.3058301,249955.61371122985,3688411.3813198064
126.3144067,33.3058308,249955.54120451008,3688411.460878861
126.3144058,33.3058316,249955.45967016235,3688411.5517692263
126.3144049,33.3058322,249955.37756445038,3688411.6204767395
126.3144038,33.3058327,249955.27654643272,3688411.678572596
126.3144028,33.3058334,249955.18541309438,3688411.75861142
126.3144019,33.305834,249955.103307386,3688411.827318936
126.3144008,33.3058346,249955.00257505776,3688411.896506222
126.3143997,33.3058353,249954.90212841218,3688411.9767849334
126.3143987,33.305836,249954.81099507978,3688412.0568237635
126.3143976,33.3058367,249954.71054843746,3688412.137102479
126.3143965,33.3058374,249954.61010179672,3688412.217381194
126.3143954,33.3058382,249954.50994084158,3688412.308751337
126.3143942,33.305839,249954.4004665773,3688412.400361368
126.314393,33.3058397,249954.2907066307,3688412.480879972
126.3143919,33.3058405,249954.1905456813,3688412.572250119
126.3143908,33.3058413,249954.09038473383,3688412.663620268
126.3143896,33.305842,249953.98062479272,3688412.7441388755
126.3143884,33.3058428,249953.87115053818,3688412.8357489123
126.3143871,33.3058434,249953.75179160511,3688412.9054159815
126.3143858,33.3058441,249953.63271835874,3688412.986174481
126.3143846,33.305845,249953.52352979532,3688413.0888759466
126.3143833,33.3058457,249953.40445655308,3688413.169634449
126.314382,33.3058464,249953.2853833127,3688413.250392951
126.3143807,33.3058471,249953.16631007422,3688413.331151457
126.3143794,33.3058478,249953.0472368377,3688413.4119099616
126.3143781,33.3058485,249952.92816360318,3688413.49266847
126.3143767,33.3058492,249952.79977705792,3688413.573666865
126.3143754,33.3058499,249952.68070382724,3688413.654425376
126.3143741,33.3058506,249952.56163059847,3688413.735183889
126.3143727,33.3058514,249952.4335297483,3688413.8272737167
126.3143714,33.3058521,249952.31445652363,3688413.9080322324
126.31437,33.3058527,249952.18578430422,3688413.97793921
126.3143687,33.3058534,249952.06671108335,3688414.058697729
126.3143674,33.305854,249951.94735217484,3688414.1283648238
126.314366,33.3058547,249951.81896565048,3688414.2093632333
126.3143648,33.3058554,249951.70920574476,3688414.2898818697
126.3143635,33.305856,249951.58984684147,3688414.3595489683
126.3143621,33.3058567,249951.4614603206,3688414.440547383
126.3143608,33.3058574,249951.34238711098,3688414.521305912
126.3143595,33.3058581,249951.22331390335,3688414.602064442
126.3143582,33.3058588,249951.10424069772,3688414.6828229753
126.3143569,33.3058594,249950.9848818056,3688414.7524900814
126.3143557,33.3058601,249950.87512191027,3688414.8330087266
126.3143544,33.3058605,249950.75519164678,3688414.8804929834
126.3143531,33.305861,249950.63554707073,3688414.939068669
126.3143519,33.3058615,249950.5252158049,3688414.9974044655
126.3143506,33.3058621,249950.4058569181,3688415.06707158
126.3143493,33.3058626,249950.2862123462,3688415.125647271
126.314348,33.3058631,249950.16656777565,3688415.1842229613
126.3143467,33.3058636,249950.04692320645,3688415.242798655
126.3143454,33.305864,249949.926992949,3688415.290282922
126.3143442,33.3058645,249949.81666169094,3688415.3486187276
126.3143429,33.3058651,249949.6973028155,3688415.418285851
126.3143415,33.3058656,249949.56834494308,3688415.477101439
126.3143403,33.305866,249949.45772799905,3688415.5243458245
126.3143389,33.3058666,249949.32905581722,3688415.594252842
126.3143377,33.3058671,249949.2187245658,3688415.6525886552
126.3143364,33.3058676,249949.09908000735,3688415.7111643595
126.3143351,33.3058682,249948.97972114102,3688415.780831494
126.3143337,33.3058686,249948.85047758633,3688415.828555665
126.3143323,33.3058689,249948.72094834188,3688415.8651884114
126.314331,33.3058694,249948.60130378866,3688415.9237641236
126.3143296,33.3058698,249948.47206023513,3688415.9714883
126.3143282,33.3058701,249948.3425309959,3688416.0081210514
126.3143269,33.3058704,249948.22231506096,3688416.0445139157
126.3143256,33.3058706,249948.10181343736,3688416.0698153526
126.3143242,33.3058708,249947.97199850623,3688416.0953566832
126.314323,33.3058713,249947.8616672677,3688416.153692512
126.3143216,33.3058715,249947.73185233818,3688416.1792338463
126.3143204,33.3058718,249947.62094971727,3688416.215386824
126.3143191,33.3058721,249947.50073378917,3688416.251779697
126.3143179,33.3058725,249947.39011686237,3688416.2990241065
126.3143167,33.3058728,249947.27921424384,3688416.3351770896
126.3143156,33.3058731,249947.1776249338,3688416.371090181
126.3143144,33.3058734,249947.0667223167,3688416.407243167
126.3143133,33.3058738,249946.9654187011,3688416.4542476884
126.3143121,33.305874,249946.85423039238,3688416.47930925
126.3143111,33.3058743,249946.76195439274,3688416.5149824535
126.31431,33.3058747,249946.6606507795,3688416.5619869777
126.3143089,33.305875,249946.5590614737,3688416.5979000786
126.3143078,33.3058753,249946.45747216852,3688416.6338131777
126.3143065,33.3058757,249946.3375419428,3688416.681297492
126.3143054,33.3058759,249946.2356669452,3688416.7061191667
126.3143041,33.305876,249946.1148796391,3688416.7203292036
126.3143029,33.3058762,249946.0036913348,3688416.745390776
126.3143016,33.3058766,249945.88376111214,3688416.7928750953
126.3143002,33.3058768,249945.75394619428,3688416.818416457
126.3142988,33.3058771,249945.62441697143,3688416.8550492455
126.3142974,33.3058773,249945.49460205238,3688416.8805906097
126.314296,33.3058776,249945.36507283116,3688416.917223404
126.3142946,33.3058779,249945.23554361073,3688416.953856198
126.3142931,33.3058782,249945.09670108397,3688416.9907288905
126.3142917,33.3058784,249944.96688616986,3688417.0162702617
126.3142902,33.3058787,249944.82804364225,3688417.053142956
126.3142887,33.305879,249944.6892011178,3688417.0900156517
126.3142873,33.3058793,249944.55967190163,3688417.1266484563
126.3142858,33.3058796,249944.42082937664,3688417.163521157
126.3142843,33.3058798,249944.28170115873,3688417.1893024337
126.3142828,33.30588,249944.14257294143,3688417.2150837122
126.3142814,33.3058802,249944.01275803187,3688417.2406250965
126.3142798,33.3058805,249943.86460220287,3688417.2777377013
126.3142783,33.3058806,249943.72518829055,3688417.292427557
126.3142768,33.3058808,249943.58606007553,3688417.3182088444
126.3142752,33.305881,249943.43761855402,3688417.3442300274
126.3142737,33.3058811,249943.29820464048,3688417.358919893
126.3142721,33.3058813,249943.14976312,3688417.38494108
126.3142706,33.3058815,249943.01063490714,3688417.410722374
126.3142691,33.3058817,249942.87150669482,3688417.436503671
126.3142675,33.3058818,249942.72277947576,3688417.451433439
126.314266,33.3058821,249942.5839369627,3688417.4883061666
126.3142645,33.3058824,249942.4450944481,3688417.5251788967
126.314263,33.3058827,249942.3062519368,3688417.5620516287
126.3142614,33.305883,249942.1580961195,3688417.599164259
126.3142599,33.3058833,249942.01925361,3688417.636036995
126.3142584,33.3058836,249941.88041110136,3688417.6729097324
126.3142569,33.305884,249941.7418542905,3688417.7208738998
126.3142555,33.3058843,249941.6123250907,3688417.757506746
126.314254,33.3058847,249941.47376828437,3688417.8054709164
126.3142524,33.3058849,249941.32532677098,3688417.831492134
126.3142509,33.3058848,249941.1853414678,3688417.8239991735
126.3142494,33.305885,249941.0462132642,3688417.8497804967
126.3142479,33.3058852,249940.9070850611,3688417.8755618217
126.3142465,33.3058852,249940.77669876238,3688417.878920397
126.3142451,33.3058854,249940.64688386687,3688417.904461829
126.3142437,33.3058856,249940.5170689718,3688417.9300032607
126.3142422,33.3058857,249940.37765506995,3688417.944693167
126.3142409,33.3058857,249940.25658208076,3688417.947811851
126.3142396,33.3058858,249940.1357947902,3688417.962021962
126.3142384,33.3058859,249940.02432080894,3688417.975992177
126.3142372,33.3058861,249939.91313252912,3688418.0010538194
126.3142359,33.3058862,249939.792345244,3688418.0152639365
126.3142347,33.3058863,249939.6808712635,3688418.029234154
126.3142335,33.3058864,249939.56939728314,3688418.043204374
126.3142324,33.3058866,249939.46752230907,3688418.068026124
126.3142313,33.3058866,249939.3650759364,3688418.0706650196
126.3142302,33.3058867,249939.26291526327,3688418.084395343
126.3142292,33.3058868,249939.170067897,3688418.0978857684
126.3142282,33.3058869,249939.0772205309,3688418.111376193
126.3142272,33.3058869,249938.98408746262,3688418.1137751928
126.3142262,33.3058871,249938.89152579918,3688418.138357049
126.3142254,33.3058871,249938.81701934658,3688418.1402762495
126.3142244,33.3058872,249938.7241719811,3688418.1537666777
126.3142236,33.3058872,249938.64966552614,3688418.15568588
126.3142228,33.3058873,249938.5754447741,3688418.1686965115
126.3142221,33.3058873,249938.51025162812,3688418.1703758147
126.3142213,33.3058873,249938.43574517322,3688418.1722950186
126.3142206,33.3058873,249938.37055202722,3688418.173974322
126.31422,33.3058873,249938.3146721855,3688418.1754137264
126.3142192,33.3058874,249938.24045143364,3688418.1884243595
126.3142186,33.3058874,249938.18457159423,3688418.1898637637
126.314218,33.3058874,249938.12869175253,3688418.191303169
126.3142175,33.3058874,249938.0821252197,3688418.192502673
126.3142169,33.3058874,249938.0262453803,3688418.1939420784
126.3142163,33.3058875,249937.970651242,3688418.20647291
126.3142158,33.3058875,249937.92408470917,3688418.207672415
126.3142153,33.3058875,249937.87751817403,3688418.2088719206
126.3142147,33.3058875,249937.82163833224,3688418.210311327
126.3142142,33.3058875,249937.7750717994,3688418.211510833
126.3142138,33.3058875,249937.73781857314,3688418.2124704374
126.3142132,33.3058876,249937.6822244352,3688418.2250012727
126.3142127,33.3058876,249937.63565790237,3688418.226200779
126.3142121,33.3058876,249937.57977806305,3688418.227640187
126.3142114,33.3058876,249937.51458491472,3688418.2293194965
126.3142108,33.3058876,249937.45870507293,3688418.2307589054
126.3142101,33.3058876,249937.39351192693,3688418.232438216
126.3142093,33.3058876,249937.31900547197,3688418.2343574287
126.3142085,33.3058876,249937.24449901943,3688418.2362766424
126.3142078,33.3058877,249937.17959157546,3688418.2490473827
126.3142071,33.3058875,249937.11382701815,3688418.2285438394
126.3142062,33.3058876,249937.03029296105,3688418.241794383
126.3142054,33.3058876,249936.95578650842,3688418.2437135987
126.3142045,33.3058876,249936.8719667468,3688418.245872717
126.3142037,33.3058876,249936.79746029168,3688418.2477919334
126.314203,33.3058876,249936.7322671456,3688418.2494712486
126.3142021,33.3058876,249936.64844738384,3688418.2516303686
126.3142014,33.3058877,249936.58353994045,3688418.2644011136
126.3142008,33.3058876,249936.52737439575,3688418.2547490993
126.3142001,33.3058876,249936.4621812472,3688418.2564284154
126.3141995,33.3058875,249936.4060157023,3688418.246776403
126.3141989,33.3058876,249936.35042156564,3688418.2593072457
126.3141987,33.3058875,249936.33150924704,3688418.2486956236
126.3141986,33.3058875,249936.32219594042,3688418.248935526
126.3141985,33.3058875,249936.31288263385,3688418.2491754284
126.3141985,33.3058875,249936.31288263385,3688418.2491754284
126.3141985,33.3058875,249936.31288263385,3688418.2491754284
126.3141985,33.3058875,249936.31288263385,3688418.2491754284
126.3141985,33.3058875,249936.31288263385,3688418.2491754284
126.3141986,33.3058875,249936.32219594042,3688418.248935526
126.3141986,33.3058875,249936.32219594042,3688418.248935526
126.3141986,33.3058875,249936.32219594042,3688418.248935526
126.3141985,33.3058875,249936.31288263385,3688418.2491754284
126.3141985,33.3058875,249936.31288263385,3688418.2491754284
126.3141985,33.3058875,249936.31288263385,3688418.2491754284
126.3141985,33.3058875,249936.31288263385,3688418.2491754284
126.3141985,33.3058875,249936.31288263385,3688418.2491754284
126.3141985,33.3058876,249936.3131683392,3688418.260266856
126.3141985,33.3058875,249936.31288263385,3688418.2491754284
126.3141985,33.3058876,249936.3131683392,3688418.260266856
126.3141985,33.3058876,249936.3131683392,3688418.260266856
126.3141985,33.3058875,249936.31288263385,3688418.2491754284
126.3141985,33.3058875,249936.31288263385,3688418.2491754284
126.3141985,33.3058875,249936.31288263385,3688418.2491754284
126.3141984,33.3058876,249936.30385503263,3688418.2605067585
126.3141982,33.3058876,249936.28522841938,3688418.2609865633
126.314198,33.3058876,249936.26660180616,3688418.261466369
126.3141977,33.3058876,249936.23866188398,3688418.262186077
126.3141974,33.3058877,249936.2110076697,3688418.2739972137
126.3141971,33.3058877,249936.18306774987,3688418.2747169216
126.3141967,33.3058877,249936.14581452112,3688418.275676533
126.3141963,33.3058877,249936.10856129474,3688418.2766361437
126.3141958,33.3058878,249936.062280465,3688418.2889270843
126.3141954,33.3058878,249936.02502723862,3688418.289886696
126.3141949,33.3058879,249935.97874641154,3688418.302177638
126.3141943,33.3058879,249935.92286656966,3688418.3036170555
126.3141938,33.305888,249935.87658574263,3688418.315907998
126.3141932,33.3058881,249935.82099160907,3688418.3284388417
126.3141926,33.3058881,249935.76511176728,3688418.3298782604
126.314192,33.3058882,249935.70951763398,3688418.342409107
126.3141919,33.3058882,249935.70020432508,3688418.34264901
126.3141918,33.3058882,249935.69089101852,3688418.3428889136
126.3141916,33.3058882,249935.6722644054,3688418.3433687193
126.3141917,33.3058883,249935.6818634181,3688418.3542202446
126.3141917,33.3058882,249935.68157771195,3688418.3431288167
126.3141916,33.3058882,249935.6722644054,3688418.3433687193
126.3141916,33.3058883,249935.6725501115,3688418.3544601477
126.3141916,33.3058883,249935.6725501115,3688418.3544601477
126.3141915,33.3058883,249935.663236805,3688418.354700051
126.3141914,33.3058883,249935.6539234984,3688418.3549399544
126.3141912,33.3058883,249935.63529688536,3688418.355419761
126.314191,33.3058883,249935.6166702699,3688418.3558995673
126.3141908,33.3058883,249935.5980436591,3688418.3563793735
126.3141904,33.3058883,249935.56079043052,3688418.357338987
126.3141901,33.3058883,249935.53285051085,3688418.358058697
126.3141897,33.3058883,249935.49559728228,3688418.3590183104
126.3141893,33.3058882,249935.4580583497,3688418.348886496
126.3141889,33.3058882,249935.4208051234,3688418.3498461093
126.3141884,33.3058883,249935.37452429702,3688418.362137055
126.3141879,33.3058883,249935.32795776185,3688418.3633365724
126.3141874,33.3058883,249935.28139122666,3688418.3645360908
126.3141867,33.3058883,249935.21619808068,3688418.3662154153
126.3141862,33.3058883,249935.1696315455,3688418.367414934
126.3141855,33.3058882,249935.10415269271,3688418.358002832
126.3141848,33.3058882,249935.03895954668,3688418.3596821586
126.3141841,33.3058882,249934.97376639824,3688418.3613614854
126.3141833,33.3058881,249934.8989742361,3688418.3521892894
126.3141825,33.3058882,249934.8247534881,3688418.3651999487
126.3141817,33.3058881,249934.7499613281,3688418.356027753
126.3141808,33.3058881,249934.66614156635,3688418.358186891
126.31418,33.305888,249934.59134940372,3688418.3490146985
126.314179,33.305888,249934.49821633517,3688418.3514137412
126.3141781,33.305888,249934.41439657565,3688418.353572881
126.3141771,33.3058878,249934.32069209157,3688418.3337890697
126.3141761,33.3058878,249934.2275590227,3688418.336188115
126.3141751,33.3058877,249934.13414024594,3688418.3274957356
126.3141741,33.3058876,249934.04072146892,3688418.3188033532
126.314173,33.3058875,249933.9379893849,3688418.310350879
126.314172,33.3058872,249933.84399919328,3688418.2794756466
126.3141708,33.3058869,249933.73138238513,3688418.2490802244
126.3141696,33.3058869,249933.61962270163,3688418.251959086
126.3141685,33.3058867,249933.5166049052,3688418.2324151895
126.3141673,33.3058865,249933.40427380387,3688418.2131111994
126.3141662,33.3058863,249933.30125601115,3688418.1935673025
126.314165,33.3058857,249933.18778207296,3688418.129897606
126.3141638,33.3058852,249933.07459384218,3688418.077319336
126.3141625,33.305885,249932.95294942844,3688418.058255256
126.3141611,33.3058847,249932.82170600235,3688418.0283396565
126.3141598,33.3058843,249932.6994901683,3688417.9870927255
126.3141583,33.305884,249932.5589334307,3688417.9574170336
126.3141569,33.3058836,249932.42740428954,3688417.916410011
126.3141554,33.3058833,249932.28684754987,3688417.8867343245
126.3141538,33.305883,249932.1369774996,3688417.8572985474
126.3141523,33.3058826,249931.99613504752,3688417.816531436
126.3141508,33.3058823,249931.8555783023,3688417.786855757
126.3141492,33.3058818,249931.70513682967,3688417.73523713
126.3141475,33.3058812,249931.5450963372,3688417.672766985
126.3141462,33.3058807,249931.42259478345,3688417.6204286423
126.3141446,33.3058802,249931.27215330556,3688417.568810022
126.3141429,33.3058799,249931.11296993843,3688417.5396141675
126.3141415,33.3058794,249930.9811550726,3688417.4875157364
126.31414,33.305879,249930.8403126067,3688417.4467486404
126.3141386,33.3058786,249930.70878345208,3688417.405741642
126.3141372,33.3058781,249930.57696857947,3688417.353643217
126.3141358,33.3058778,249930.44572513175,3688417.323727648
126.3141346,33.3058772,249930.33225116238,3688417.2600579816
126.3141333,33.3058767,249930.20974959587,3688417.2077196515
126.3141321,33.3058763,249930.09684704832,3688417.1662328443
126.3141309,33.3058757,249929.98337307465,3688417.1025631814
126.3141298,33.3058753,249929.87978383282,3688417.060836466
126.3141287,33.3058748,249929.77590887735,3688417.0080183265
126.3141276,33.3058743,249929.67203392062,3688416.9552001846
126.3141266,33.3058739,249929.57775798396,3688416.913233565
126.3141255,33.3058735,249929.47416873806,3688416.8715068544
126.3141246,33.305873,249929.38892039494,3688416.8182088993
126.3141236,33.3058726,249929.2946444579,3688416.7762422813
126.3141225,33.3058722,249929.19105520923,3688416.7345155743
126.3141215,33.3058717,249929.09649355456,3688416.68145753
126.3141205,33.3058715,249929.00278903975,3688416.6616737694
126.3141195,33.3058711,249928.90851309692,3688416.619707154
126.3141186,33.3058708,249928.8238361757,3688416.588592059
126.3141176,33.3058705,249928.7298459475,3688416.5577168735
126.3141166,33.3058702,249928.6358557164,3688416.5268416903
126.3141155,33.3058699,249928.53255217592,3688416.4962064154
126.3141145,33.3058696,249928.4385619434,3688416.4653312336
126.3141133,33.3058693,249928.3259450926,3688416.4349358715
126.3141122,33.305869,249928.22264154983,3688416.404300601
126.3141111,33.3058687,249928.11933800636,3688416.373665332
126.31411,33.3058683,249928.01574874745,3688416.3319386365
126.3141089,33.3058678,249927.9118737728,3688416.2791205137
126.3141077,33.3058674,249927.79897120284,3688416.2376337308
126.3141066,33.305867,249927.69538194084,3688416.1959070386
126.3141054,33.3058665,249927.58219365362,3688416.1433288306
126.3141042,33.3058661,249927.4692910804,3688416.101842051
126.314103,33.3058656,249927.35610279065,3688416.049263845
126.3141016,33.3058651,249927.22428788108,3688415.997165463
126.3141004,33.3058647,249927.11138530434,3688415.955678688
126.3140992,33.3058641,249926.99791129486,3688415.892009058
126.3140978,33.3058635,249926.86581066498,3688415.8288192535
126.3140965,33.3058629,249926.7430233428,3688415.7653895384
126.314095,33.3058623,249926.60160939724,3688415.702439649
126.3140936,33.3058617,249926.46950876425,3688415.6392498487
126.3140921,33.305861,249926.32780909838,3688415.565208535
126.3140905,33.3058603,249926.1767961228,3688415.491407135
126.3140891,33.3058596,249926.0444097645,3688415.417125913
126.3140876,33.305859,249925.9029958088,3688415.3541760333
126.3140861,33.3058584,249925.76158185356,3688415.2912261547
126.3140846,33.3058577,249925.619882179,3688415.2171848505
126.3140829,33.3058571,249925.45984159678,3688415.154714801
126.3140813,33.3058565,249925.30911432512,3688415.0920048417
126.3140798,33.3058559,249925.16770036164,3688415.0290549705
126.3140782,33.3058553,249925.0169730834,3688414.9663450164
126.3140767,33.3058548,249924.875844834,3688414.914486577
126.3140752,33.3058543,249924.7347165831,3688414.8626281414
126.3140738,33.3058538,249924.60290164102,3688414.810529793
126.3140724,33.3058533,249924.47108669506,3688414.758431447
126.314071,33.3058527,249924.33898603122,3688414.695241675
126.3140697,33.3058522,249924.21648439515,3688414.642903417
126.3140684,33.3058516,249924.09369703877,3688414.5794737325
126.314067,33.3058511,249923.9618820888,3688414.5273753945
126.3140657,33.3058505,249923.8390947291,3688414.463945713
126.3140646,33.3058499,249923.7349339897,3688414.400036206
126.3140634,33.3058492,249923.6211742183,3688414.325275186
126.3140623,33.3058487,249923.5172991956,3688414.272457108
126.3140611,33.3058482,249923.40411086043,3688414.219878947
126.3140602,33.3058476,249923.31857673798,3688414.155489613
126.3140591,33.3058471,249923.21470171158,3688414.1026715394
126.3140581,33.3058465,249923.11985427528,3688414.038522122
126.3140574,33.3058458,249923.05266105448,3688413.962561534
126.3140565,33.3058452,249922.9671269273,3688413.898172203
126.3140555,33.3058447,249922.8725652077,3688413.845114217
126.3140547,33.3058441,249922.79634439005,3688413.7804849735
126.3140539,33.3058436,249922.72040929415,3688413.7269471576
126.3140531,33.3058431,249922.64447419503,3688413.673409341
126.3140524,33.3058427,249922.57813812752,3688413.6307230396
126.3140516,33.3058421,249922.50191730843,3688413.5660937973
126.3140509,33.3058416,249922.43529551884,3688413.512316068
126.3140502,33.3058411,249922.3686737308,3688413.458538339
126.3140495,33.3058406,249922.30205193962,3688413.4047606112
126.3140488,33.30584,249922.23514442676,3688413.339891456
126.3140481,33.3058394,249922.16823691525,3688413.2750223
126.3140474,33.3058389,249922.10161512415,3688413.2212445727
126.3140465,33.3058384,249922.01636670533,3688413.167946677
126.3140458,33.3058378,249921.94945918888,3688413.103077524
126.3140449,33.3058372,249921.86392504667,3688413.038688203
126.3140441,33.3058366,249921.7877042182,3688412.974058966
126.3140433,33.3058359,249921.71119766484,3688412.898338302
126.3140424,33.3058353,249921.62566351923,3688412.833948982
126.3140416,33.3058346,249921.54915696345,3688412.75822832
126.3140408,33.3058338,249921.4723646871,3688412.6714162296
126.3140398,33.3058331,249921.37723150308,3688412.5961754
126.3140389,33.3058324,249921.29141163066,3688412.520694657
126.314038,33.3058316,249921.20530603474,3688412.434122485
126.3140371,33.3058308,249921.1192004373,3688412.3475503144
126.3140361,33.3058299,249921.02349580525,3688412.2501266333
126.314035,33.305829,249920.91847785554,3688412.1529428717
126.314034,33.3058282,249920.8230589397,3688412.066610619
126.314033,33.3058272,249920.727068577,3688411.9580955137
126.3140319,33.3058263,249920.62205062114,3688411.8609117526
126.314031,33.3058254,249920.53565929088,3688411.7632481596
126.3140301,33.3058244,249920.44898223827,3688411.6544931387
126.3140292,33.3058233,249920.36201945855,3688411.5346466894
126.314028,33.3058225,249920.24797390378,3688411.4487942783
126.3140272,33.3058215,249920.17061015722,3688411.339799342
126.3140262,33.3058206,249920.07490550363,3688411.2423756695
126.314025,33.3058197,249919.9605742195,3688411.1454318333
126.314024,33.3058187,249919.86458384086,3688411.036916735
126.314023,33.3058178,249919.76887918133,3688410.939493066
126.314022,33.3058169,249919.67317451996,3688410.8420693954
126.314021,33.3058159,249919.5771841329,3688410.733554301
126.31402,33.305815,249919.48147946768,3688410.6361306338
126.314019,33.3058141,249919.3857748005,3688410.5387069676
126.314018,33.3058131,249919.28978440983,3688410.4301918726
126.314017,33.3058122,249919.19407973872,3688410.3327682074
126.314016,33.3058113,249919.0983750658,3688410.2353445445
126.314015,33.3058103,249919.00238466667,3688410.1268294523
126.314014,33.3058094,249918.90667998986,3688410.02940579
126.3140129,33.3058084,249918.80137627095,3688409.92113062
126.3140117,33.3058075,249918.68704495885,3688409.824186797
126.3140107,33.3058066,249918.59134027592,3688409.726763138
126.3140096,33.3058057,249918.48632227766,3688409.6295793992
126.3140085,33.3058048,249918.38130427254,3688409.5323956595
126.3140076,33.3058039,249918.29491290235,3688409.434732084
126.3140068,33.3058029,249918.2175491191,3688409.325737162
126.314006,33.3058019,249918.14018533652,3688409.21674224
126.3140051,33.3058011,249918.05407968423,3688409.130170092
126.3140043,33.3058001,249917.97671589596,3688409.021175171
126.3140036,33.3057992,249917.90895115072,3688408.9230317576
126.3140029,33.3057983,249917.84118640173,3688408.8248883463
126.3140021,33.3057974,249917.76410833467,3688408.7269848553
126.3140014,33.3057966,249917.6966293087,3688408.6399328704
126.3140007,33.3057957,249917.62886455815,3688408.54178946
126.3140001,33.3057948,249917.57041312105,3688408.4434061297
126.3139995,33.3057939,249917.51196168526,3688408.3450228004
126.3139989,33.3057931,249917.45379597193,3688408.2577308984
126.3139982,33.3057924,249917.38660266867,3688408.181770344
126.3139976,33.3057916,249917.32843695328,3688408.094478443
126.3139971,33.3057908,249917.27958455688,3688408.006946621
126.3139966,33.3057901,249917.23101788346,3688407.930506228
126.3139961,33.3057894,249917.1824512118,3688407.8540658355
126.3139957,33.3057887,249917.14319785705,3688407.7773855203
126.3139952,33.3057881,249917.09491690784,3688407.7120365566
126.3139947,33.3057875,249917.04663596046,3688407.6466875914
126.3139942,33.305787,249916.99864073648,3688407.592430055
126.3139938,33.3057864,249916.95967310597,3688407.52684117
126.3139933,33.305786,249916.91196360975,3688407.4836750617
126.313993,33.3057855,249916.8825950205,3688407.428937684
126.3139926,33.305785,249916.84391311515,3688407.3744402276
126.3139922,33.3057845,249916.8052312094,3688407.3199427715
126.3139918,33.3057842,249916.76712075414,3688407.28762817
126.3139914,33.3057837,249916.72843884764,3688407.233130714
126.3139911,33.3057833,249916.6993559858,3688407.189484764
126.3139908,33.305783,249916.6705588481,3688407.156930243
126.3139904,33.3057825,249916.63187694052,3688407.1024327883
126.31399,33.3057821,249916.5934807594,3688407.059026759
126.3139897,33.3057819,249916.5649693479,3688407.0375636667
126.3139893,33.3057815,249916.52657316625,3688406.9941576403
126.313989,33.3057811,249916.4974903029,3688406.95051169
126.3139887,33.3057808,249916.4686931662,3688406.917957171
126.3139884,33.3057804,249916.43961029995,3688406.8743112218
126.313988,33.3057801,249916.40149984419,3688406.8419966213
126.3139874,33.3057795,249916.34390556935,3688406.776887581
126.313987,33.3057791,249916.3055093834,3688406.733481555
126.3139867,33.3057788,249916.27671224545,3688406.7009270345
126.3139863,33.3057784,249916.2383160613,3688406.6575210076
126.3139859,33.3057781,249916.200205604,3688406.625206408
126.3139856,33.3057777,249916.17112273572,3688406.5815604613
126.3139853,33.3057773,249916.1420398697,3688406.537914513
126.3139851,33.3057768,249916.12198459505,3688406.4829372168
126.3139848,33.3057764,249916.09290172614,3688406.43929127
126.3139845,33.3057758,249916.06324740453,3688406.3734624665
126.3139841,33.3057753,249916.0245654908,3688406.318965013
126.3139836,33.3057748,249915.97657025492,3688406.264707481
126.3139833,33.3057742,249915.9469159322,3688406.198878678
126.3139828,33.3057736,249915.8986349702,3688406.133529718
126.3139825,33.3057729,249915.86869491666,3688406.056609488
126.3139823,33.3057721,249915.8477824594,3688405.9683579067
126.313982,33.3057714,249915.8178424051,3688405.8914376767
126.3139818,33.3057706,249915.79692994474,3688405.803186099
126.3139815,33.3057698,249915.76670416436,3688405.7151744384
126.3139812,33.305769,249915.73647838115,3688405.6271627806
126.3139807,33.3057682,249915.68762595984,3688405.5396309663
126.3139803,33.3057675,249915.64837258554,3688405.462950658
126.3139799,33.3057666,249915.6085477551,3688405.3640874936
126.3139796,33.3057656,249915.577750514,3688405.25389298
126.3139794,33.3057647,249915.55655232302,3688405.154549973
126.3139794,33.3057638,249915.55398077256,3688405.054727123
126.3139793,33.3057627,249915.54152444602,3688404.9329613387
126.3139793,33.3057617,249915.5386671678,3688404.8220470604
126.3139791,33.3057607,249915.51718324813,3688404.7116126255
126.3139788,33.3057596,249915.48610027684,3688404.590326683
126.3139787,33.3057585,249915.47364395185,3688404.4685609
126.3139785,33.3057575,249915.45216002868,3688404.3581264648
126.3139783,33.3057563,249915.43010465175,3688404.225509174
126.3139786,33.3057551,249915.45461588146,3688404.091692274
126.3139787,33.305754,249915.46078619914,3688403.9694466456
126.3139786,33.3057528,249915.44804414138,3688403.8365894337
126.3139784,33.3057515,249915.4257030361,3688403.692880716
126.3139784,33.3057502,249915.42198857438,3688403.5486921533
126.3139784,33.3057489,249915.41827411266,3688403.404503592
126.3139784,33.3057476,249915.41455965117,3688403.2603150303
126.3139783,33.3057462,249915.40124613963,3688403.1052749627
126.3139783,33.3057447,249915.39696022263,3688402.938903544
126.3139784,33.3057432,249915.40198762852,3688402.772292206
126.3139782,33.3057418,249915.37936079418,3688402.6174920597
126.3139779,33.3057404,249915.34742063642,3688402.462931834
126.3139776,33.305739,249915.31548047546,3688402.308371612
126.3139774,33.3057375,249915.29256791162,3688402.142480037
126.313977,33.305736,249915.25102870044,3688401.9770683083
126.3139765,33.3057346,249915.20046189005,3688401.8229879267
126.3139761,33.3057331,249915.15892267652,3688401.6575761973
126.3139755,33.3057318,249915.09932827004,3688401.514827167
126.313975,33.3057304,249915.04876145558,3688401.3607467893
126.3139745,33.3057291,249914.99848037024,3688401.2177578374
126.3139738,33.3057278,249914.92957263262,3688401.0752487304
126.3139731,33.3057265,249914.8606648932,3688400.9327396234
126.3139723,33.3057252,249914.78244382964,3688400.790470438
126.3139715,33.3057241,249914.70479421839,3688400.6703841104
126.3139707,33.3057228,249914.62657314845,3688400.5281149284
126.3139697,33.3057217,249914.53029688587,3688400.408508446
126.3139688,33.3057206,249914.44333394367,3688400.2886620425
126.313968,33.3057193,249914.36511286724,3688400.146392862
126.3139671,33.3057181,249914.2778641921,3688400.015455031
126.3139661,33.305717,249914.18158792052,3688399.8958485527
126.3139652,33.3057158,249914.09433924092,3688399.764910723
126.3139642,33.3057146,249913.9977772334,3688399.6342128194
126.3139631,33.3057136,249913.89247335575,3688399.5259376927
126.3139622,33.3057126,249913.8057961302,3688399.4171827226
126.3139611,33.3057114,249913.69992078707,3688399.2867247425
126.31396,33.3057103,249913.5943311731,3688399.1673581926
126.313959,33.3057093,249913.49834061484,3688399.0588431475
126.3139583,33.3057079,249913.42914711297,3688398.9052426205
126.3139578,33.3057065,249913.37858026478,3688398.751162248
126.3139572,33.3057051,249913.31870008606,3688398.5973217986
126.3139568,33.3057038,249913.27773229172,3688398.454092933
126.3139562,33.3057024,249913.21785211246,3688398.3002524837
126.3139555,33.3057011,249913.14894433183,3688398.1577433865
126.313955,33.3056997,249913.0983774765,3688398.003663015
126.3139544,33.3056983,249913.03849728993,3688397.849822567
126.3139538,33.305697,249912.97890283176,3688397.707073548
126.3139535,33.3056955,249912.94667689776,3688397.5414219024
126.3139533,33.3056941,249912.92405002093,3688397.3866217607
126.313953,33.3056926,249912.89182408314,3688397.2209701133
126.3139524,33.3056912,249912.83194389215,3688397.067129667
126.3139521,33.3056897,249912.7997179547,3688396.901478021
126.3139516,33.3056883,249912.74915108708,3688396.7473976505
126.313951,33.305687,249912.68955662192,3688396.6046486325
126.3139505,33.3056856,249912.6389897538,3688396.450568262
126.3139499,33.3056842,249912.57910955293,3688396.296727819
126.3139494,33.3056828,249912.52854267956,3688396.142647448
126.3139488,33.3056814,249912.46866247788,3688395.988807003
126.3139485,33.3056799,249912.43643653265,3688395.8231553584
126.3139481,33.3056785,249912.39518298738,3688395.6688350653
126.3139477,33.3056771,249912.35392943877,3688395.514514772
126.3139473,33.3056757,249912.31267589136,3688395.360194481
126.313947,33.3056742,249912.28044994012,3688395.194542834
126.3139467,33.3056728,249912.2485097211,3688395.0399826188
126.3139463,33.3056714,249912.2072561709,3688394.885662326
126.3139461,33.3056699,249912.18434355012,3688394.719770757
126.3139459,33.3056684,249912.16143092647,3688394.553879188
126.3139456,33.3056669,249912.1292049739,3688394.388227544
126.3139455,33.3056654,249912.11560568263,3688394.2220960516
126.3139453,33.3056641,249912.09326452136,3688394.0783873387
126.3139452,33.3056626,249912.0796652296,3688393.912255844
126.313945,33.3056612,249912.05703833693,3688393.7574557043
126.3139448,33.3056597,249912.034125713,3688393.591564135
126.3139446,33.3056582,249912.0112130863,3688393.425672568
126.3139445,33.3056568,249911.99789952664,3688393.270632501
126.3139443,33.3056554,249911.97527262988,3688393.1158323605
126.313944,33.305654,249911.9433324028,3688392.961272144
126.3139438,33.3056525,249911.92041977652,3688392.795380576
126.3139433,33.3056511,249911.86985288293,3688392.641300209
126.3139429,33.3056497,249911.82859931822,3688392.486979917
126.3139427,33.3056483,249911.80597242076,3688392.3321797787
126.3139424,33.3056469,249911.77403218969,3688392.177619562
126.3139423,33.3056454,249911.7604328911,3688392.01148807
126.3139422,33.305644,249911.7471193256,3688391.8564480054
126.3139419,33.3056426,249911.7151790928,3688391.7018877896
126.3139419,33.305641,249911.71060739868,3688391.5244249455
126.3139419,33.3056396,249911.70660716636,3688391.369144954
126.3139417,33.3056382,249911.6839802662,3688391.214344814
126.3139417,33.3056367,249911.6796943031,3688391.047973398
126.3139418,33.3056353,249911.68500740523,3688390.8924534842
126.3139418,33.3056339,249911.68100717338,3688390.737173495
126.3139417,33.3056324,249911.66740787632,3688390.5710420012
126.3139417,33.305631,249911.66340764464,3688390.415762012
126.3139416,33.3056295,249911.6498083474,3688390.249630521
126.3139416,33.3056281,249911.64580811586,3688390.0943505308
126.3139413,33.3056267,249911.61386787888,3688389.939790315
126.3139412,33.3056253,249911.60055431185,3688389.7847502506
126.313941,33.3056238,249911.57764167592,3688389.618858683
126.3139408,33.3056225,249911.5553005037,3688389.4751499714
126.3139406,33.3056211,249911.53267360016,3688389.3203498316
126.3139403,33.3056196,249911.50044762928,3688389.154698189
126.31394,33.3056182,249911.46850738852,3688389.000137973
126.3139398,33.3056167,249911.44559475,3688388.8342464073
126.3139394,33.3056153,249911.40434117152,3688388.679926117
126.3139391,33.3056138,249911.37211519745,3688388.5142744747
126.3139387,33.3056124,249911.33086161458,3688388.3599541853
126.3139382,33.305611,249911.28029469616,3688388.2058738205
126.3139379,33.3056096,249911.24835445042,3688388.0513136056
126.3139374,33.3056082,249911.19778752723,3688387.897233241
126.3139364,33.3056055,249911.09693941262,3688387.60016394
126.3139359,33.3056041,249911.04637248538,3688387.4460835764
126.3139353,33.3056027,249910.98649222133,3688387.2922431384
126.3139348,33.3056014,249910.9362110226,3688387.149254203
126.3139341,33.3056001,249910.86730314879,3688387.0067451173
126.3139334,33.3055988,249910.79839527086,3688386.8642360335
126.3139327,33.3055975,249910.729487391,3688386.7217269493
126.3139321,33.3055962,249910.66989285024,3688386.57897794
126.3139312,33.3055947,249910.58178682634,3688386.4147658516
126.3139305,33.3055933,249910.51259320902,3688386.2611653414
126.3139297,33.3055919,249910.43408625323,3688386.1078047566
126.3139288,33.3055905,249910.34626595367,3688385.954684098
126.313928,33.3055893,249910.26833045713,3688385.82350637
126.3139272,33.3055879,249910.18982349214,3688385.670145787
126.3139263,33.3055867,249910.10257464965,3688385.539207986
126.3139255,33.3055854,249910.0243534124,3688385.396938831
126.3139247,33.3055843,249909.94670363987,3688385.276852534
126.3139236,33.3055831,249909.8408281112,3688385.146394586
126.3139225,33.3055819,249909.73495257972,3688385.0159366406
126.3139205,33.3055795,249909.5418281892,3688384.754540899
126.3139194,33.3055785,249909.43652411542,3688384.646265811
126.3139182,33.3055775,249909.32190669875,3688384.5382306515
126.3139172,33.3055763,249909.22534449713,3688384.407532782
126.3139159,33.3055753,249909.10141373234,3688384.299737552
126.3139146,33.3055742,249908.97719723376,3688384.180850894
126.3139133,33.3055734,249908.8538379325,3688384.095238522
126.3139119,33.3055724,249908.72059382088,3688383.987683221
126.3139106,33.3055715,249908.59694878108,3688383.8909794246
126.3139094,33.3055707,249908.48290281394,3688383.8051271285
126.3139079,33.3055699,249908.34091682066,3688383.7199946167
126.3139063,33.3055692,249908.18990321513,3688383.6461934624
126.3139047,33.3055687,249908.0394610781,3688383.594575165
126.3139032,33.3055682,249907.89833227848,3688383.5427169446
126.3139015,33.3055677,249907.73857679637,3688383.491338578
126.3139,33.3055673,249907.59773373057,3688383.450571789
126.3138984,33.3055668,249907.4472915843,3688383.398953502
126.3138969,33.3055665,249907.3067342507,3688383.3692781427
126.3138955,33.3055661,249907.1752045226,3688383.328271429
126.3138939,33.3055657,249907.0250481096,3688383.2877445766
126.3138923,33.3055654,249906.87517743072,3688383.258309153
126.3138906,33.3055651,249906.71599340645,3688383.2291136608
126.3138891,33.3055647,249906.57515033128,3688383.1883468847
126.3138873,33.3055644,249906.40665296267,3688383.1593913273
126.3138857,33.3055639,249906.25621080652,3688383.107773057
126.313884,33.3055636,249906.09702677713,3688383.0785775743
126.3138824,33.305563,249905.94629888114,3688383.015867881
126.3138809,33.3055627,249905.80574153576,3688382.9861925435
126.3138793,33.3055621,249905.65501363378,3688382.923482855
126.3138779,33.3055615,249905.52291241675,3688382.860293308
126.3138765,33.3055608,249905.39052546077,3688382.786012335
126.313875,33.3055604,249905.24968237226,3688382.7452455773
126.3138734,33.30556,249905.0995259399,3688382.704718753
126.313872,33.3055593,249904.9671389757,3688382.630437785
126.3138705,33.3055586,249904.82543866918,3688382.5563967503
126.3138689,33.3055582,249904.67528223168,3688382.515869931
126.3138674,33.3055575,249904.533581921,3688382.4418289
126.3138659,33.3055569,249904.392167344,3688382.378879298
126.3138644,33.3055563,249904.25075276737,3688382.3159296997
126.3138629,33.3055557,249904.1093381888,3688382.2529801014
126.3138614,33.3055551,249903.9679236059,3688382.1900305063
126.3138599,33.3055546,249903.82679476243,3688382.1381723415
126.3138583,33.3055541,249903.67635257408,3688382.0865541096
126.3138569,33.3055537,249903.54482280972,3688382.045547442
126.3138552,33.3055531,249903.38478153295,3688381.9830777203
126.3138537,33.3055525,249903.2433669431,3688381.920128134
126.3138521,33.305552,249903.09292474765,3688381.8685099105
126.3138505,33.3055514,249902.94219680806,3688381.8058002614
126.313848,33.3055507,249902.707363034,3688381.7341585825
126.3138464,33.3055502,249902.55692083217,3688381.6825403664
126.3138448,33.3055497,249902.4064786263,3688381.6309221545
126.3138432,33.3055492,249902.25603642093,3688381.5793039436
126.3138417,33.3055486,249902.11462181443,3688381.516354373
126.3138402,33.305548,249901.97320720833,3688381.4534048047
126.3138387,33.3055476,249901.83236408266,3688381.412638095
126.3138371,33.3055471,249901.68192187021,3688381.361019894
126.3138357,33.3055466,249901.5501063419,3688381.3089218256
126.3138344,33.3055463,249901.4281756441,3688381.2787666833
126.313833,33.305546,249901.2969315966,3688381.2488514744
126.3138316,33.3055457,249901.1656875505,3688381.2189362687
126.3138303,33.3055453,249901.04347110557,3688381.1776897013
126.313829,33.3055451,249900.92182614384,3688381.1586259925
126.3138277,33.3055449,249900.80018118155,3688381.1395622836
126.3138265,33.3055447,249900.68784956296,3688381.1202586438
126.313825,33.3055446,249900.54786365107,3688381.1127662347
126.3138239,33.3055444,249900.4448453781,3688381.093222663
126.3138227,33.3055443,249900.33279950084,3688381.0850104527
126.3138217,33.3055443,249900.23966605496,3688381.0874098036
126.3138208,33.3055442,249900.15556021023,3688381.0784777915
126.3138198,33.3055441,249900.06214102096,3688381.069785717
126.3138189,33.3055443,249899.9788924057,3688381.094127989
126.3138177,33.3055443,249899.8671322709,3688381.0970072136
126.3138167,33.3055445,249899.77457031418,3688381.1215894255
126.3138158,33.3055446,249899.69103595617,3688381.1348402724
126.3138149,33.3055447,249899.60750159848,3688381.1480911234
126.3138141,33.3055449,249899.53356632893,3688381.1721934644
126.3138133,33.3055452,249899.45991680596,3688381.2073872345
126.3138124,33.3055453,249899.37638244903,3688381.2206380866
126.3138116,33.3055455,249899.30244718053,3688381.244740431
126.3138108,33.3055458,249899.22879765643,3688381.2799342033
126.3138102,33.305546,249899.17348907946,3688381.3035566756
126.3138094,33.3055462,249899.099553812,3688381.3276590216
126.3138088,33.3055464,249899.04424523553,3688381.3512814953
126.3138083,33.3055467,249898.99853574796,3688381.385755461
126.3138075,33.3055469,249898.92460048138,3688381.4098578077
126.3138071,33.3055471,249898.88791859394,3688381.4330004095
126.3138065,33.3055473,249898.83261001614,3688381.4566228846
126.3138059,33.3055476,249898.77758718567,3688381.4913367867
126.3138055,33.3055479,249898.74119104125,3688381.525570818
126.313805,33.3055482,249898.69548155542,3688381.5600447855
126.3138045,33.3055485,249898.64977206758,3688381.5945187537
126.313804,33.3055488,249898.6040625824,3688381.628992721
126.3138035,33.305549,249898.55806735266,3688381.652375261
126.3138029,33.3055493,249898.50304452179,3688381.687089166
126.3138023,33.3055497,249898.44830743884,3688381.7328945003
126.3138018,33.3055499,249898.40231220753,3688381.7562770406
126.3138012,33.3055502,249898.34728937777,3688381.790990946
126.3138005,33.3055505,249898.28295320703,3688381.82594479
126.3137998,33.3055509,249898.21890277974,3688381.8719900623
126.3137992,33.3055513,249898.1641656991,3688381.917795397
126.3137985,33.3055516,249898.0998295274,3688381.952749242
126.3137979,33.3055519,249898.0448066998,3688381.9874631492
126.3137973,33.3055523,249897.99006962057,3688382.033268487
126.3137965,33.3055527,249897.91670585246,3688382.0795536973
126.3137959,33.3055531,249897.8619687743,3688382.125359035
126.3137953,33.3055534,249897.8069459485,3688382.1600729446
126.3137946,33.3055538,249897.74289552795,3688382.206118219
126.313794,33.3055542,249897.68815844896,3688382.251923559
126.3137932,33.3055546,249897.61479468615,3688382.298208773
126.3137927,33.3055551,249897.56965669768,3688382.354865602
126.313792,33.3055555,249897.50560627953,3688382.400910879
126.3137912,33.3055559,249897.43224251634,3688382.447196094
126.3137905,33.3055563,249897.3681920969,3688382.493241373
126.31379,33.3055568,249897.32305411328,3688382.549898203
126.3137891,33.3055573,249897.24066275553,3688382.6075147865
126.3137883,33.3055579,249897.16787048828,3688382.675982861
126.3137876,33.3055584,249897.10410582082,3688382.7331195693
126.3137868,33.3055588,249897.0307420619,3688382.7794047883
126.3137859,33.3055595,249896.9489222015,3688382.8592042304
126.3137851,33.3055599,249896.87555844669,3688382.905489451
126.313784,33.3055603,249896.77425466187,3688382.9524944876
126.3137829,33.3055608,249896.67323662518,3688383.0105909533
126.313782,33.3055612,249896.59055952763,3688383.0571161145
126.313781,33.3055617,249896.49885483796,3688383.1149726417
126.3137799,33.3055621,249896.39755105454,3688383.1619776827
126.3137788,33.3055626,249896.2965330221,3688383.2200741526
126.3137778,33.3055632,249896.20511408115,3688383.289022113
126.3137768,33.3055636,249896.11312364793,3688383.335787217
126.3137758,33.3055641,249896.02141896114,3688383.39364375
126.3137747,33.3055645,249895.92011518506,3688383.4406487974
126.3137737,33.305565,249895.82841050046,3688383.4985053325
126.3137726,33.3055654,249895.7271067262,3688383.5455103796
126.3137715,33.3055659,249895.6260887014,3688383.603606858
126.3137705,33.3055663,249895.53409827367,3688383.6503719673
126.3137694,33.3055667,249895.43279449988,3688383.697377018
126.3137684,33.3055671,249895.34080407384,3688383.7441421305
126.3137672,33.3055674,249895.22990121332,3688383.7802956956
126.313766,33.3055679,249895.1195698515,3688383.8386321184
126.3137649,33.3055683,249895.01826608382,3688383.885637174
126.3137637,33.3055685,249894.90707747653,3688383.910699314
126.3137625,33.3055688,249894.79617461906,3688383.9468528857
126.3137615,33.3055693,249894.70446994525,3688384.004709432
126.3137604,33.3055696,249894.6028804313,3688384.0406230637
126.3137592,33.3055699,249894.49197757625,3688384.0767766368
126.3137581,33.3055703,249894.3906738136,3688384.1237816988
126.313757,33.3055707,249894.2893700519,3688384.170786763
126.3137558,33.305571,249894.1784671992,3688384.2069403403
126.3137547,33.3055714,249894.07716343927,3688384.2539454065
126.3137536,33.3055715,249893.975002429,3688384.2676761886
126.3137524,33.3055716,249893.8635280771,3688384.281646913
126.3137515,33.305572,249893.78085100246,3688384.3281720984
126.3137504,33.3055722,249893.67897574624,3688384.3529943125
126.3137494,33.3055724,249893.58641382965,3688384.3775765854
126.3137483,33.3055726,249893.48453857188,3688384.402398801
126.3137474,33.3055728,249893.40128999754,3688384.426741135
126.3137463,33.3055731,249893.29970049186,3688384.462654779
126.3137453,33.3055732,249893.20685282568,3688384.476145628
126.3137442,33.3055732,249893.1044060667,3688384.478784991
126.3137432,33.3055731,249893.01098690002,3688384.4700929835
126.3137421,33.305573,249892.90825438686,3688384.461640921
126.3137412,33.3055731,249892.82472006467,3688384.4748918293
126.3137402,33.3055733,249892.73215815084,3688384.499474111
126.3137391,33.3055734,249892.62999714375,3688384.513204908
126.3137381,33.3055733,249892.5365779742,3688384.504512905
126.3137371,33.3055733,249892.44344455664,3688384.5069123325
126.3137361,33.3055732,249892.3500253867,3688384.498220332
126.313735,33.305573,249892.2470071226,3688384.4786768476
126.3137341,33.3055728,249892.16261554344,3688384.458653478
126.3137329,33.3055726,249892.05028393678,3688384.4393499373
126.3137319,33.3055723,249891.95629326007,3688384.408475083
126.3137308,33.3055721,249891.85327499377,3688384.3889316022
126.3137298,33.305572,249891.75985582173,3688384.380239607
126.3137287,33.305572,249891.65740906086,3688384.382878985
126.3137277,33.3055717,249891.56341838205,3688384.352004135
126.3137267,33.3055717,249891.4702849648,3688384.354403571
126.3137256,33.3055716,249891.36755244766,3688384.3459515246
126.3137245,33.3055714,249891.26453418142,3688384.326408049
126.3137236,33.3055713,249891.1804283496,3688384.3174761157
126.3137222,33.3055712,249891.04975580852,3688384.3097439036
126.3137213,33.3055711,249890.96564997613,3688384.3008119725
126.3137201,33.3055711,249890.85388987206,3688384.303691303
126.3137191,33.305571,249890.76047069757,3688384.2949993173
126.3137181,33.3055708,249890.6667657685,3688384.2752159047
126.313717,33.3055707,249890.56403325146,3688384.2667638655
126.3137159,33.3055706,249890.4613007365,3688384.258311828
126.3137149,33.3055705,249890.36788155852,3688384.249619846
126.3137139,33.3055703,249890.27417662786,3688384.2298364365
126.3137128,33.3055702,249890.17144411206,3688384.221384403
126.3137116,33.30557,249890.0591124968,3688384.2020808845
126.3137105,33.3055699,249889.9563799779,3688384.1936288513
126.3137095,33.3055698,249889.8629608007,3688384.1849368745
126.3137083,33.3055698,249889.75120069456,3688384.187816218
126.3137071,33.3055696,249889.6388690776,3688384.1685127057
126.3137061,33.3055694,249889.54516414422,3688384.1487293034
126.3137049,33.3055694,249889.43340403744,3688384.1516086506
126.3137036,33.3055693,249889.31204483283,3688384.143636515
126.3137024,33.3055692,249889.19999896997,3688384.135424436
126.3137012,33.305569,249889.08766735074,3688384.1161209303
126.3136998,33.3055689,249888.956994803,3688384.1083887448
126.3136985,33.3055687,249888.8353498406,3688384.089325187
126.3136972,33.3055686,249888.71399063175,3688384.081353061
126.3136958,33.3055685,249888.58331808518,3688384.073620881
126.3136943,33.3055684,249888.44333219127,3688384.06612865
126.3136929,33.3055684,249888.31294539841,3688384.069487903
126.3136914,33.3055682,249888.17267374686,3688384.050904249
126.3136899,33.305568,249888.03240209696,3688384.032320594
126.3136883,33.3055679,249887.88310286147,3688384.025068317
126.3136867,33.305568,249887.73437514066,3688384.0399989015
126.3136851,33.3055681,249887.58564741776,3688384.0549294865
126.3136834,33.3055684,249887.42817787104,3688384.092282879
126.3136818,33.3055684,249887.27916439093,3688384.0961220413
126.3136802,33.3055685,249887.13043667134,3688384.111052634
126.3136787,33.3055687,249886.99130805262,3688384.1368347094
126.3136772,33.3055689,249886.85217943447,3688384.1626167875
126.3136757,33.3055691,249886.71305081682,3688384.1883988674
126.3136744,33.3055693,249886.5925488818,3688384.2137010535
126.3136729,33.3055696,249886.4537060243,3688384.250574566
126.3136715,33.3055698,249886.32389075073,3688384.2761167027
126.3136704,33.3055702,249886.2225870224,3688384.323121854
126.3136691,33.3055703,249886.10179933268,3688384.3373326156
126.3136678,33.3055707,249885.98186892195,3688384.384817666
126.3136667,33.305571,249885.8802794366,3688384.420731391
126.3136656,33.3055713,249885.77868995184,3688384.4566451176
126.3136643,33.3055716,249885.65847378387,3688384.4930387437
126.3136631,33.305572,249885.54785671874,3688384.5402838504
126.313662,33.3055722,249885.44598147605,3688384.565106152
126.3136607,33.3055724,249885.32547955005,3688384.590408353
126.3136594,33.3055727,249885.20526338497,3688384.626801985
126.3136581,33.305573,249885.08504721845,3688384.6631956184
126.313657,33.3055734,249884.98374350162,3688384.7102007824
126.3136557,33.3055735,249884.8629558149,3688384.72441156
126.3136544,33.3055736,249884.74216813315,3688384.738622341
126.3136532,33.3055737,249884.63069379103,3688384.752593171
126.3136521,33.3055738,249884.5285327885,3688384.766324054
126.3136508,33.3055738,249884.407459346,3688384.7694434095
126.3136496,33.305574,249884.29627076595,3688384.794505674
126.3136484,33.3055742,249884.18508218628,3688384.819567939
126.3136473,33.3055742,249884.08263542288,3688384.8222073973
126.3136461,33.3055743,249883.97116108204,3688384.836178236
126.313645,33.3055744,249883.869000083,3688384.8499091263
126.3136439,33.3055744,249883.7665533244,3688384.8525485876
126.3136428,33.3055746,249883.66467808565,3688384.8773709075
126.3136417,33.3055746,249883.56223132723,3688384.880010371
126.3136406,33.3055747,249883.46007032896,3688384.893741265
126.3136396,33.3055747,249883.36693690988,3688384.8961407794
126.3136385,33.3055748,249883.2647759119,3688384.9098716765
126.3136374,33.3055749,249883.16261491412,3688384.9236025726
126.3136364,33.305575,249883.06976725804,3688384.937093518
126.3136353,33.3055751,249882.96760626062,3688384.9508244176
126.3136342,33.3055752,249882.8654452634,3688384.964555317
126.3136331,33.3055752,249882.76299850538,3688384.9671947896
126.313632,33.3055753,249882.66083750612,3688384.9809256927
126.3136308,33.3055754,249882.54936316767,3688384.9948965483
126.3136296,33.3055755,249882.4378888295,3688385.008867405
126.3136283,33.3055756,249882.3171011523,3688385.023078214
126.3136271,33.3055757,249882.20562681454,3688385.037049074
126.3136258,33.3055757,249882.084553369,3688385.040168459
126.3136245,33.3055758,249881.96376568996,3688385.054379274
126.3136231,33.3055759,249881.8336646696,3688385.0688300445
126.3136218,33.305576,249881.71287699105,3688385.0830408623
126.3136204,33.305576,249881.58249020643,3688385.0864002067
126.313619,33.3055762,249881.45267495135,3688385.1119424105
126.3136174,33.3055762,249881.3036614814,3688385.115781665
126.3136159,33.3055764,249881.16453288568,3688385.1415638262
126.3136145,33.3055765,249881.03443186672,3688385.156014607
126.3136129,33.3055766,249880.88570416253,3688385.1709452965
126.3136115,33.3055768,249880.7558889097,3688385.196487509
126.31361,33.3055768,249880.61618878436,3688385.2000868204
126.3136085,33.305577,249880.47706019075,3688385.225868991
126.3136069,33.3055771,249880.3283324878,3688385.2407996915
126.3136054,33.3055771,249880.18863236273,3688385.244399009
126.3136038,33.3055773,249880.0401904265,3688385.270421141
126.3136024,33.3055774,249879.91008940965,3688385.284871936
126.3136009,33.3055773,249879.7701035181,3688385.2773798313
126.3135996,33.3055772,249879.64874430912,3688385.269407816
126.3135982,33.3055772,249879.51835752543,3688385.2727671885
126.3135968,33.3055772,249879.3879707416,3688385.2761265626
126.3135955,33.3055771,249879.266611532,3688385.2681545545
126.3135942,33.3055768,249879.14468078464,3688385.237999688
126.3135929,33.3055767,249879.0233215765,3688385.2300276835
126.3135917,33.3055766,249878.9112757071,3688385.221815722
126.3135905,33.3055765,249878.79922983746,3688385.213603764
126.3135892,33.3055765,249878.6781563915,3688385.216723191
126.313588,33.3055763,249878.5658247533,3688385.197419805
126.3135869,33.3055762,249878.46309222688,3688385.188967894
126.3135858,33.3055761,249878.3603596954,3688385.1805159855
126.3135847,33.3055759,249878.25734139988,3688385.1609726464
126.3135837,33.3055758,249878.16392220947,3688385.1522807814
126.3135826,33.3055756,249878.06090391314,3688385.1327374442
126.3135814,33.3055755,249877.94885804094,3688385.1245254967
126.3135804,33.3055754,249877.85543885198,3688385.115833635
126.3135794,33.3055752,249877.7617338938,3688385.096050345
126.3135783,33.305575,249877.65871559325,3688385.0765070133
126.3135772,33.3055748,249877.55569729232,3688385.056963683
126.313576,33.3055747,249877.44365141832,3688385.048751739
126.3135748,33.3055744,249877.33103400498,3688385.0183569393
126.3135736,33.3055743,249877.2189881302,3688385.0101449974
126.3135724,33.3055741,249877.10665648532,3688384.9908416294
126.3135711,33.3055739,249876.98501149786,3688384.9717782186
126.3135699,33.3055739,249876.8732513919,3688384.974657711
126.3135687,33.3055736,249876.7606339754,3688384.9442629176
126.3135674,33.3055736,249876.639560527,3688384.9473823705
126.3135661,33.3055736,249876.5184870785,3688384.9505018247
126.3135648,33.3055734,249876.3968420865,3688384.9314384223
126.3135636,33.3055733,249876.2847962089,3688384.923226491
126.3135624,33.3055733,249876.17303610194,3688384.926105991
126.3135611,33.3055732,249876.05167688418,3688384.918134022
126.3135599,33.3055729,249875.93905946374,3688384.8877392374
126.3135588,33.3055727,249875.8360411533,3688384.868195925
126.3135575,33.3055727,249875.7149677056,3688384.8713153894
126.3135563,33.3055724,249875.60235028327,3688384.840920608
126.3135551,33.3055722,249875.49001863165,3688384.8216172582
126.313554,33.3055722,249875.38757186275,3688384.8242568085
126.3135527,33.3055719,249875.26564109855,3688384.79410199
126.3135515,33.3055717,249875.1533094454,3688384.7747986433
126.3135504,33.3055715,249875.05029113166,3688384.7552553397
126.3135492,33.3055713,249874.93795947742,3688384.7359519955
126.3135481,33.3055712,249874.83522693964,3688384.727500122
126.313547,33.3055709,249874.7319228544,3688384.696865391
126.3135447,33.3055705,249874.5165728845,3688384.6580187525
126.3135435,33.3055703,249874.40424122516,3688384.6387154134
126.3135423,33.30557,249874.2916237948,3688384.608320648
126.313541,33.3055697,249874.1696930234,3688384.578165842
126.3135396,33.3055694,249874.03844890397,3688384.5482510016
126.3135383,33.3055692,249873.9168039042,3688384.529187629
126.313537,33.3055688,249873.79458735202,3688384.4879414006
126.3135356,33.3055685,249873.6633432321,3688384.458026562
126.3135342,33.3055681,249873.5318133374,3688384.4170202967
126.3135328,33.3055678,249873.40056921545,3688384.387105464
126.3135314,33.3055674,249873.26903931846,3688384.3460992016
126.3135299,33.305567,249873.128196075,3688384.3053329038
126.3135285,33.3055666,249872.9966661754,3688384.2643266455
126.3135269,33.3055661,249872.84622381427,3688384.212708882
126.3135254,33.3055657,249872.70538056907,3688384.1719425903
126.313524,33.3055654,249872.574136438,3688384.142027767
126.3135225,33.3055652,249872.43386474033,3688384.1234443365
126.3135209,33.305565,249872.28427969888,3688384.10510087
126.3135194,33.3055648,249872.14400799986,3688384.086517445
126.3135181,33.3055647,249872.02264875936,3688384.0785455243
126.3135165,33.3055644,249871.87277794033,3688384.0491106356
126.3135151,33.3055642,249871.7418195823,3688384.030287253
126.3135135,33.305564,249871.5922345349,3688384.0119437966
126.3135121,33.3055639,249871.4615619516,3688384.004211847
126.3135108,33.3055638,249871.34020271123,3688383.996239935
126.3135094,33.3055637,249871.20953012726,3688383.988507989
126.313508,33.3055635,249871.07857176638,3688383.969684615
126.3135067,33.3055634,249870.95721252487,3688383.961712708
126.3135054,33.3055634,249870.83613905747,3688383.9648322323
126.3135041,33.3055633,249870.7147798178,3688383.9568603286
126.313503,33.3055633,249870.61233303678,3688383.9594999286
126.3135017,33.3055633,249870.49125957384,3688383.962619457
126.3135006,33.3055633,249870.3888127927,3688383.96525906
126.3134994,33.3055633,249870.27705267063,3688383.968138627
126.3134983,33.3055633,249870.17460589414,3688383.9707782315
126.3134972,33.3055634,249870.072444893,3688383.984509267
126.3134962,33.3055634,249869.9793114575,3688383.9869089094
126.3134951,33.3055636,249869.87743623464,3688384.0117313755
126.3134941,33.3055636,249869.78430279926,3688384.01413102
126.3134932,33.3055637,249869.70076848532,3688384.02738213
126.3134923,33.3055638,249869.61723417154,3688384.0406332402
126.3134913,33.3055639,249869.52438651473,3688384.054124317
126.3134904,33.305564,249869.44085220376,3688384.067375429
126.3134894,33.3055641,249869.3480045472,3688384.080866506
126.3134886,33.3055643,249869.2740693561,3688384.1049690847
126.3134877,33.3055644,249869.19053504322,3688384.1182202003
126.3134867,33.3055646,249869.09797316857,3688384.1428027097
126.3134859,33.3055649,249869.02432375727,3688384.1779967183
126.3134849,33.3055651,249868.93176188113,3688384.20257923
126.3134842,33.3055654,249868.86742581625,3688384.237533275
126.3134833,33.3055658,249868.7847488425,3688384.284058681
126.3134824,33.3055662,249868.7020718695,3688384.330584089
126.3134813,33.3055667,249868.60105399066,3688384.388680857
126.3134804,33.3055671,249868.51837702165,3688384.4352062657
126.3134795,33.3055677,249868.43627161038,3688384.503914533
126.3134785,33.3055682,249868.34456707764,3688384.5617713407
126.3134776,33.3055688,249868.2624616686,3688384.63047961
126.3134767,33.3055693,249868.18007048077,3688384.6880964506
126.3134759,33.3055701,249868.10784997902,3688384.7787476135
126.313475,33.3055709,249868.02631613376,3688384.869638745
126.3134742,33.3055717,249867.95409563257,3688384.9602899104
126.3134735,33.3055723,249867.8906169169,3688385.0285182507
126.3134728,33.3055732,249867.82799554092,3688385.1300208806
126.3134721,33.3055741,249867.76537416637,3688385.2315235115
126.3134715,33.3055749,249867.71178035723,3688385.3216947457
126.3134708,33.3055758,249867.64915898524,3688385.423197376
126.3134702,33.3055769,249867.5964225203,3688385.5466429
126.3134697,33.3055777,249867.5521420542,3688385.636574169
126.3134692,33.3055787,249867.5084331529,3688385.748688298
126.3134689,33.3055797,249867.48335093606,3688385.8603224927
126.3134685,33.3055808,249867.44924115686,3688385.983288083
126.3134681,33.3055818,249867.41484560023,3688386.0951622454
126.3134677,33.305583,249867.38102160644,3688386.229219266
126.3134672,33.3055843,249867.33817005134,3688386.374607685
126.3134668,33.3055853,249867.3037744978,3688386.4864818463
126.3134664,33.3055864,249867.26966472398,3688386.6094474387
126.3134659,33.3055876,249867.22652739394,3688386.743744428
126.3134655,33.3055888,249867.19270340595,3688386.877801449
126.313465,33.3055901,249867.14985185754,3688387.0231898692
126.3134647,33.3055913,249867.1253412125,3688387.1570069245
126.3134646,33.3055925,249867.11945724886,3688387.290344045
126.3134645,33.3055938,249867.113859067,3688387.4347725944
126.3134641,33.305595,249867.080035084,3688387.568829617
126.3134639,33.3055961,249867.0645520005,3688387.691315277
126.3134638,33.3055973,249867.0586680365,3688387.824652398
126.3134635,33.3055985,249867.03415739592,3688387.958469455
126.3134633,33.3055999,249867.01953165888,3688388.1142294016
126.3134631,33.3056011,249867.00433435934,3688388.2478064904
126.3134629,33.3056024,249866.98942284207,3688388.392475007
126.3134627,33.3056036,249866.97422554385,3688388.526052098
126.3134625,33.305605,249866.95959980728,3688388.681812046
126.3134625,33.3056062,249866.96302918807,3688388.8149092006
126.3134623,33.3056074,249866.94783189154,3688388.9484862895
126.3134621,33.3056086,249866.9326345956,3688389.0820633774
126.3134621,33.3056098,249866.9360639772,3688389.2151605324
126.3134617,33.305611,249866.90224000555,3688389.3492175573
126.3134611,33.3056121,249866.84950357425,3688389.472663087
126.3134606,33.3056132,249866.80608048502,3688389.5958686504
126.3134598,33.3056143,249866.73471738063,3688389.719794116
126.3134589,33.3056153,249866.65375515816,3688389.832868122
126.3134581,33.3056162,249866.58182049548,3688389.9346107296
126.3134575,33.3056173,249866.5290840721,3688390.0580562623
126.313457,33.3056184,249866.4856609902,3688390.1812618272
126.3134563,33.3056193,249866.42303966728,3688390.282764469
126.3134557,33.3056203,249866.3700174681,3688390.3951185746
126.3134551,33.3056212,249866.31670948525,3688390.496381248
126.3134544,33.3056221,249866.2540881664,3688390.597883892
126.3134538,33.3056229,249866.2004944056,3688390.688055139
126.313453,33.3056236,249866.1279881866,3688390.7676148918
126.3134524,33.3056244,249866.074394428,3688390.8577861385
126.3134518,33.3056252,249866.02080066814,3688390.947957386
126.3134512,33.3056258,249865.9666353455,3688391.0159457745
126.3134506,33.3056266,249865.9130415876,3688391.106117022
126.3134499,33.3056273,249865.84984871093,3688391.18543681
126.3134492,33.3056278,249865.78608427098,3688391.24257374
126.3134484,33.3056284,249865.7132922764,3688391.3110420667
126.3134476,33.3056289,249865.6402145016,3688391.368418966
126.3134468,33.3056294,249865.56713672538,3688391.425795865
126.3134461,33.3056302,249865.5042296373,3688391.5162070845
126.3134454,33.305631,249865.44132255286,3688391.606618304
126.3134445,33.3056316,249865.3592172272,3688391.6753266044
126.3134437,33.3056323,249865.2867110228,3688391.7548863655
126.313443,33.3056331,249865.22380394212,3688391.8452975885
126.313442,33.3056338,249865.13267106816,3688391.9253372876
126.313441,33.3056345,249865.04153819577,3688392.0053769895
126.31344,33.3056353,249864.95069110923,3688392.0965081225
126.3134388,33.3056359,249864.840645784,3688392.165936336
126.3134378,33.3056365,249864.749227134,3688392.2348846113
126.3134366,33.3056371,249864.63918181168,3688392.304312827
126.3134354,33.3056377,249864.52913649083,3688392.373741044
126.3134341,33.3056382,249864.4094920486,3688392.432317802
126.3134328,33.3056387,249864.2898476101,3688392.4908945644
126.3134315,33.3056394,249864.17077474354,3688392.5716541843
126.31343,33.3056399,249864.03250363737,3688392.6307108905
126.3134285,33.3056403,249863.89394674706,3688392.678676166
126.3134269,33.3056408,249863.7463623062,3688392.7379728463
126.3134253,33.3056409,249863.59763472545,3688392.7529038093
126.3134238,33.3056411,249863.45850626394,3688392.7786862343
126.3134222,33.3056413,249863.31006447013,3688392.804708631
126.3134205,33.3056413,249863.1517377688,3688392.808788142
126.3134187,33.3056411,249862.9835261564,3688392.7909247694
126.3134171,33.305641,249862.834227003,3688392.7836728864
126.3134154,33.3056407,249862.67504293742,3688392.754478115
126.3134137,33.3056404,249862.5158588731,3688392.725283348
126.313412,33.3056404,249862.3575321697,3688392.7293628724
126.3134104,33.30564,249862.20737564893,3688392.688836708
126.3134089,33.3056398,249862.0671040401,3688392.670253434
126.3134072,33.3056394,249861.90763418374,3688392.629967246
126.3134055,33.3056391,249861.74845011163,3688392.600772492
126.313404,33.3056387,249861.60760692362,3688392.5600063647
126.3134024,33.3056383,249861.45745039862,3688392.5194802103
126.3134009,33.3056378,249861.31632141702,3688392.467622657
126.3133993,33.3056373,249861.16587910033,3688392.4160050787
126.3133978,33.3056368,249861.02475011762,3688392.36414753
126.3133963,33.305636,249860.88276376386,3688392.279015692
126.313395,33.3056353,249860.75968987108,3688392.2044953415
126.3133937,33.3056344,249860.63604439766,3688392.10779213
126.3133927,33.3056334,249860.5400531409,3688391.9992775694
126.3133914,33.3056325,249860.41640766268,3688391.9025743622
126.3133902,33.3056317,249860.30236130804,3688391.816722612
126.313389,33.3056307,249860.1877433718,3688391.708688002
126.3133878,33.3056297,249860.073125433,3688391.600653394
126.3133866,33.3056287,249859.9585074917,3688391.4926187876
126.3133855,33.3056276,249859.85291709454,3688391.3732527774
126.3133843,33.3056266,249859.73829914824,3688391.2652181727
126.3133832,33.3056255,249859.632708746,3688391.1458521658
126.3133822,33.3056244,249859.5364316808,3688391.026246184
126.313381,33.3056233,249859.42152793647,3688390.9071201533
126.3133802,33.3056222,249859.34387753883,3688390.7870342243
126.3133792,33.3056211,249859.24760046444,3688390.6674282453
126.3133782,33.30562,249859.1513233877,3688390.5478222677
126.3133773,33.3056188,249859.06407385558,3688390.416884885
126.3133765,33.3056175,249858.98585187047,3688390.274616098
126.3133757,33.3056163,249858.90791567203,3688390.1434387416
126.3133751,33.3056151,249858.84860615025,3688390.0117814355
126.3133745,33.3056139,249858.78929662472,3688389.880124129
126.3133738,33.3056126,249858.7203879681,3688389.7376153697
126.3133735,33.3056113,249858.68873266623,3688389.5941467085
126.3133729,33.30561,249858.6291373476,3688389.451397973
126.3133725,33.3056087,249858.58816870273,3688389.3081692876
126.3133725,33.3056073,249858.58416762392,3688389.1528892694
126.3133721,33.3056061,249858.54348477133,3688389.020752015
126.313372,33.3056048,249858.53045614428,3688388.876803402
126.313372,33.3056034,249858.5264550651,3688388.7215233846
126.313372,33.3056022,249858.5230255689,3688388.588426227
126.3133722,33.3056008,249858.53765116932,3688388.4326662584
126.3133725,33.3055993,249858.56130431916,3688388.265574883
126.3133728,33.3055979,249858.58524326136,3688388.1095749396
126.3133732,33.3055966,249858.61878133833,3688387.96442645
126.3133737,33.3055953,249858.66163275443,3688387.819037985
126.3133741,33.3055941,249858.69545662505,3688387.6849809256
126.3133746,33.3055929,249858.73859383503,3688387.5506838923
126.313375,33.3055916,249858.77213191468,3688387.4055354022
126.3133757,33.3055904,249858.83389581132,3688387.270758419
126.3133765,33.3055892,249858.90497305064,3688387.13574146
126.3133772,33.3055881,249858.9670227395,3688387.0120559074
126.313378,33.3055869,249859.03809998295,3688386.8770389506
126.3133788,33.3055858,249859.10946301662,3688386.7531134235
126.3133798,33.3055847,249859.1994527399,3688386.6287079467
126.3133805,33.3055835,249859.26121664591,3688386.4939309666
126.3133814,33.3055824,249859.34189302978,3688386.3697654665
126.3133821,33.3055812,249859.40365693974,3688386.234988488
126.3133828,33.3055798,249859.46484927388,3688386.078028649
126.3133835,33.3055787,249859.52689898008,3688385.954343101
126.3133844,33.3055774,249859.60700379027,3688385.807994744
126.3133851,33.3055762,249859.66876771057,3688385.6732177665
126.3133861,33.3055752,249859.75904323935,3688385.5599037264
126.313387,33.3055738,249859.83886226956,3688385.4024639428
126.313388,33.3055726,249859.9285662242,3688385.266967046
126.3133892,33.3055715,249860.03718265626,3688385.1420816313
126.3133903,33.3055704,249860.13648574598,3688385.017436192
126.3133914,33.3055693,249860.23578884063,3688384.892790754
126.3133925,33.3055681,249860.33480614907,3688384.7570538865
126.3133938,33.3055671,249860.45302172433,3688384.6430199347
126.313395,33.3055662,249860.5622097478,3688384.5403173864
126.3133962,33.3055653,249860.67139777352,3688384.4376148386
126.3133975,33.3055643,249860.78961335678,3688384.32358089
126.3133988,33.3055635,249860.90840052156,3688384.2317298036
126.3134002,33.3055628,249861.0367868179,3688384.150730174
126.3134016,33.3055619,249861.16460154057,3688384.047547688
126.3134031,33.3055613,249861.3025869729,3688383.97739952
126.3134046,33.3055606,249861.4402866196,3688383.8961599246
126.3134061,33.3055599,249861.57798626847,3688383.81492033
126.3134076,33.3055594,249861.7162574964,3688383.7558635976
126.3134092,33.3055588,249861.86355628053,3688383.685475466
126.3134107,33.3055583,249862.00182751173,3688383.6264187377
126.3134124,33.3055578,249862.1587254305,3688383.5668820683
126.3134139,33.3055573,249862.29699666263,3688383.5078253443
126.3134154,33.3055567,249862.43498210973,3688383.4376771925
126.3134169,33.3055562,249862.57325334754,3688383.3786204727
126.3134185,33.3055558,249862.72112371473,3688383.3304152153
126.31342,33.3055553,249862.8593949531,3688383.2713585
126.3134215,33.3055548,249862.9976661953,3688383.2123017865
126.313423,33.3055542,249863.13565165125,3688383.1421536463
126.3134244,33.3055537,249863.26460954972,3688383.0833369065
126.3134259,33.3055532,249863.40288079434,3688383.0242802
126.3134273,33.3055527,249863.53183869828,3688382.9654634655
126.3134288,33.3055522,249863.67010994593,3688382.9064067616
126.3134303,33.305552,249863.80923854944,3688382.88062435
126.3134316,33.3055515,249863.9288831102,3688382.8220475917
126.3134329,33.305551,249864.04852767228,3688382.763470834
126.3134342,33.3055505,249864.16817223807,3688382.7048940784
126.3134353,33.3055501,249864.26947589478,3688382.6578886933
126.3134366,33.3055495,249864.388834679,3688382.5882205106
126.313438,33.3055491,249864.51807837535,3688382.540495219
126.3134392,33.3055485,249864.6281238152,3688382.47106701
126.3134405,33.305548,249864.74776838534,3688382.4124902603
126.3134418,33.3055475,249864.86741295684,3688382.3539135153
126.3134431,33.305547,249864.9870575296,3688382.295336769
126.3134445,33.3055464,249865.11572966585,3688382.2254286283
126.3134457,33.305546,249865.2263466793,3688382.1781832837
126.313447,33.3055454,249865.34570547324,3688382.1085151145
126.3134482,33.3055449,249865.45603670622,3688382.050178344
126.3134495,33.3055444,249865.57568128587,3688381.9916016073
126.3134507,33.3055439,249865.68601252374,3688381.93326484
126.3134519,33.3055432,249865.7957721957,3688381.8527452135
126.3134532,33.3055427,249865.91541677734,3688381.7941684816
126.3134545,33.3055422,249866.03506136494,3688381.7355917497
126.3134558,33.3055417,249866.1547059516,3688381.67701502
126.3134572,33.3055413,249866.2839496672,3688381.629289754
126.3134585,33.3055409,249866.4038800381,3688381.581804456
126.3134598,33.3055405,249866.5238104101,3688381.534319162
126.3134611,33.3055401,249866.64374078318,3688381.486833868
126.3134625,33.3055397,249866.7729845032,3688381.4391086074
126.3134638,33.3055394,249866.8932006595,3688381.4027147456
126.3134651,33.305539,249867.01313103805,3688381.3552294574
126.3134664,33.3055387,249867.13334719365,3688381.318835598
126.3134677,33.3055383,249867.25327757426,3688381.271350313
126.313469,33.305538,249867.37349373393,3688381.2349564573
126.3134702,33.3055376,249867.48411076795,3688381.187711141
126.3134716,33.3055372,249867.61335449532,3688381.1399858934
126.3134729,33.3055368,249867.73328487758,3688381.092500614
126.3134744,33.3055366,249867.87241351578,3688381.0667182617
126.3134757,33.3055364,249867.99291545717,3688381.0414158427
126.3134771,33.3055362,249868.12273075018,3688381.0158734606
126.3134785,33.3055361,249868.2528318208,3688381.00142251
126.3134799,33.3055361,249868.383218671,3688380.99806299
126.3134813,33.305536,249868.51331974188,3688380.9836120424
126.3134827,33.305536,249868.64370659215,3688380.980252526
126.3134841,33.3055361,249868.77437922126,3688380.9879844408
126.3134854,33.3055361,249868.89545272727,3688380.9848648924
126.3134868,33.3055363,249869.02641113452,3688381.00368824
126.313488,33.3055365,249869.1387428486,3688381.02299152
126.3134893,33.3055367,249869.26038790823,3688381.0420548343
126.3134907,33.3055369,249869.3913463135,3688381.060878187
126.3134919,33.3055372,249869.50396380384,3688381.091272899
126.3134932,33.3055375,249869.62589463952,3688381.121427648
126.3134946,33.3055378,249869.75713882045,3688381.1513424357
126.3134959,33.3055382,249869.87935543442,3688381.1925886166
126.3134972,33.3055385,249870.00128626727,3688381.2227433696
126.3134986,33.3055388,249870.13253044523,3688381.252658161
126.3134999,33.3055391,249870.25446127623,3688381.2828129176
126.3135012,33.3055394,249870.3763921065,3688381.3129676753
126.3135025,33.3055396,249870.4980371589,3688381.332031007
126.3135038,33.3055399,249870.6199679875,3688381.362185768
126.3135051,33.3055402,249870.74189881526,3688381.3923405306
126.3135064,33.3055403,249870.86325808897,3688381.4003124363
126.3135077,33.3055405,249870.98490314116,3688381.419375773
126.3135092,33.3055406,249871.12488910553,3688381.4268677547
126.3135119,33.3055409,249871.37720677204,3688381.453663043
126.3135132,33.3055411,249871.49885181972,3688381.472726387
126.3135145,33.3055412,249871.620211091,3688381.4806983015
126.3135159,33.3055413,249871.7508837076,3688381.4884302565
126.3135172,33.3055414,249871.8722429806,3688381.496402174
126.3135186,33.3055416,249872.0032013694,3688381.515225561
126.3135199,33.3055416,249872.12427486657,3688381.5121060526
126.3135212,33.3055417,249872.24563413617,3688381.5200779755
126.3135226,33.3055417,249872.37602097617,3688381.5167185087
126.3135239,33.3055417,249872.49709447063,3688381.513599005
126.3135252,33.3055418,249872.61845373956,3688381.5215709326
126.3135266,33.3055418,249872.74884058165,3688381.518211471
126.3135278,33.3055417,249872.86031495596,3688381.5042405045
126.3135291,33.3055418,249872.98167422196,3688381.5122124366
126.3135304,33.3055418,249873.10274771834,3688381.509092941
126.3135317,33.3055418,249873.22382121236,3688381.5059734466
126.313533,33.3055418,249873.34489470627,3688381.502853954
126.3135343,33.3055418,249873.46596820015,3688381.499734463
126.3135356,33.305542,249873.5876132409,3688381.518797832
126.3135368,33.3055423,249873.70023070893,3688381.5491925916
126.3135382,33.3055425,249873.83118909376,3688381.5680160034
126.3135395,33.3055426,249873.95254836188,3688381.5759879462
126.3135407,33.3055429,249874.06516582766,3688381.606382711
126.3135419,33.3055432,249874.17778329266,3688381.636777476
126.3135432,33.3055434,249874.29942832727,3688381.6558408528
126.3135445,33.3055435,249874.42078759338,3688381.663812803
126.3135458,33.3055437,249874.54243262924,3688381.682876184
126.3135471,33.3055438,249874.66379189215,3688381.6908481377
126.3135485,33.305544,249874.7947502721,3688381.7096715593
126.3135498,33.3055441,249874.91610953427,3688381.717643517
126.3135512,33.3055443,249875.04706791317,3688381.736466943
126.3135525,33.3055446,249875.16899871777,3688381.7666217596
126.3135537,33.3055447,249875.28104463345,3688381.774833681
126.313555,33.3055449,249875.40268966532,3688381.793897071
126.3135564,33.3055451,249875.5336480416,3688381.8127205055
126.3135577,33.3055453,249875.65529307464,3688381.8317838986
126.313559,33.3055455,249875.77693810465,3688381.850847295
126.3135604,33.3055458,249875.9081822498,3688381.880762162
126.313562,33.3055458,249876.05719577437,3688381.8769228277
126.3135648,33.3055462,249876.31911251778,3688381.914569714
126.3135663,33.3055463,249876.4590984668,3688381.9220617726
126.3135676,33.3055465,249876.58074349325,3688381.9411251782
126.3135689,33.3055467,249876.7023885191,3688381.9601885853
126.31357,33.3055467,249876.8048353151,3688381.9575490514
126.3135712,33.3055469,249876.91716699518,3688381.976852418
126.3135724,33.305547,249877.02921290512,3688381.9850643566
126.3135736,33.3055472,249877.14154458436,3688382.0043677273
126.3135748,33.3055475,249877.2541620323,3688382.034762528
126.313576,33.3055476,249877.36620794094,3688382.0429744697
126.3135772,33.3055477,249877.47825384943,3688382.0511864154
126.3135783,33.3055478,249877.5809864129,3688382.0596383177
126.3135795,33.3055479,249877.69303232073,3688382.0678502647
126.3135806,33.305548,249877.7957648836,3688382.0763021694
126.3135817,33.3055481,249877.89849744618,3688382.0847540777
126.3135829,33.3055483,249878.01082912163,3688382.1040574554
126.313584,33.3055484,249878.11356168357,3688382.112509364
126.3135851,33.3055485,249878.21629424518,3688382.1209612736
126.3135863,33.3055487,249878.32862591936,3688382.140264658
126.3135874,33.3055488,249878.43135848024,3688382.1487165685
126.3135886,33.3055488,249878.54311861767,3688382.1458370965
126.3135897,33.3055489,249878.64585117827,3688382.1542890104
126.313591,33.3055489,249878.76692466007,3688382.1511695846
126.3135922,33.305549,249878.87897056466,3688382.159381545
126.3135933,33.305549,249878.98141735716,3688382.156742034
126.3135945,33.305549,249879.09317749407,3688382.1538625676
126.3135957,33.3055491,249879.20522339805,3688382.1620745324
126.3135969,33.3055491,249879.31698353484,3688382.159195069
126.3135981,33.3055491,249879.42874367154,3688382.156315607
126.3135993,33.305549,249879.54021804148,3688382.1423447174
126.3136005,33.3055491,249879.65226394482,3688382.1505566873
126.3136017,33.3055491,249879.76402408135,3688382.147677229
126.313603,33.305549,249879.88481179613,3688382.133466388
126.3136042,33.3055489,249879.99628616654,3688382.1194955036
126.3136054,33.3055489,249880.10804630327,3688382.1166160493
126.3136066,33.3055488,249880.2195206739,3688382.1026451676
126.3136078,33.3055486,249880.33070927902,3688382.077582858
126.313609,33.3055485,249880.44218365036,3688382.06361198
126.3136103,33.3055485,249880.56325713193,3688382.0604925766
126.3136126,33.3055482,249880.77660676537,3688382.02169935
126.3136138,33.305548,249880.8877953724,3688381.996637046
126.3136151,33.3055479,249881.00858308945,3688381.98242622
126.3136162,33.3055477,249881.1104583526,3688381.9576038737
126.3136175,33.3055475,249881.23096030552,3688381.9323016223
126.3136188,33.3055472,249881.3511764943,3688381.8959079417
126.31362,33.305547,249881.46236510354,3688381.8708456447
126.3136212,33.3055468,249881.5735537135,3688381.845783351
126.3136224,33.3055466,249881.68474232376,3688381.820721057
126.3136236,33.3055463,249881.79564517038,3688381.7845673366
126.3136249,33.3055461,249881.91614712655,3688381.7592650936
126.3136262,33.3055457,249882.03607755795,3688381.7117799935
126.3136274,33.3055454,249882.1469804068,3688381.675626276
126.3136286,33.3055451,249882.25788325648,3688381.639472562
126.3136298,33.3055447,249882.3685003434,3688381.5922274184
126.3136309,33.3055444,249882.47008984972,3688381.556313657
126.3136321,33.305544,249882.58070693846,3688381.5090685156
126.3136332,33.3055436,249882.6820106809,3688381.4620633293
126.3136344,33.3055432,249882.7926277715,3688381.4148181905
126.3136369,33.3055423,249883.02288954082,3688381.308996539
126.313638,33.3055419,249883.12419328713,3688381.261991357
126.3136392,33.3055414,249883.23452461945,3688381.2036547954
126.3136403,33.305541,249883.33582837254,3688381.1566496147
126.3136414,33.3055405,249883.4368463596,3688381.0985530084
126.3136426,33.3055399,249883.54689193354,3688381.029125022
126.3136437,33.3055394,249883.64790992544,3688380.9710284155
126.313645,33.3055389,249883.76755460943,3688380.9124519103
126.3136463,33.3055383,249883.88691353553,3688380.842783977
126.3136474,33.3055377,249883.9876457674,3688380.7735959473
126.3136486,33.3055371,249884.09769134858,3688380.704167967
126.3136498,33.3055365,249884.2077369314,3688380.6347399894
126.313651,33.3055359,249884.31778251566,3688380.5653120126
126.3136522,33.3055353,249884.4278281038,3688380.4958840357
126.3136534,33.3055346,249884.5375879303,3688380.415364633
126.3136546,33.3055339,249884.64734775855,3688380.3348452314
126.3136557,33.3055331,249884.74750847963,3688380.2434743517
126.3136569,33.3055324,249884.85726831152,3688380.162954952
126.3136579,33.3055316,249884.94811569247,3688380.0718240254
126.3136603,33.3055299,249885.16677808503,3688379.8775109486
126.3136613,33.3055289,249885.25705395167,3688379.7641971665
126.3136623,33.3055281,249885.34790134017,3688379.673066243
126.3136633,33.3055273,249885.4387487304,3688379.5819353224
126.3136641,33.3055262,249885.5101121477,3688379.458010013
126.3136658,33.3055241,249885.66243809916,3688379.221010878
126.3136665,33.3055231,249885.72477393455,3688379.1084169494
126.3136674,33.305522,249885.80545070895,3688378.984251695
126.3136682,33.3055209,249885.8768141383,3688378.860326389
126.3136689,33.3055198,249885.9388642197,3688378.7366410336
126.3136694,33.3055187,249885.9822876101,3688378.613435575
126.3136699,33.3055174,249886.02513948156,3688378.46804726
126.3136704,33.3055162,249886.06827711573,3688378.3337503737
126.313671,33.305515,249886.12072809687,3688378.199213539
126.3136717,33.3055138,249886.1824924301,3688378.0644367565
126.3136722,33.3055126,249886.22563006642,3688377.930139871
126.3136728,33.3055114,249886.27808105483,3688377.7956030383
126.3136734,33.3055101,249886.33024628396,3688377.649974776
126.313674,33.3055088,249886.38241151726,3688377.504346515
126.3136744,33.3055076,249886.41623581093,3688377.370289579
126.3136747,33.3055064,249886.4407467592,3688377.2364725913
126.3136752,33.3055051,249886.48359864566,3688377.091084279
126.3136756,33.3055038,249886.51713718448,3688376.9459359143
126.313676,33.3055026,249886.55096148513,3688376.8118789797
126.3136765,33.3055014,249886.5940991339,3688376.6775820977
126.3136773,33.3055003,249886.66546259297,3688376.5536568007
126.3136781,33.3054992,249886.73682605397,3688376.4297315036
126.3136786,33.305498,249886.77996370752,3688376.295434622
126.3136793,33.3054967,249886.84144230667,3688376.1495664166
126.3136801,33.3054956,249886.912805771,3688376.0256411214
126.3136808,33.3054945,249886.9748558895,3688375.9019557745
126.3136814,33.3054932,249887.02702114207,3688375.756327518
126.3136821,33.3054921,249887.08907126414,3688375.6326421727
126.3136829,33.3054909,249887.16014898094,3688375.4976254506
126.3136838,33.3054898,249887.24082580538,3688375.3734602113
126.3136845,33.3054886,249887.3025901758,3688375.2386834375
126.3136854,33.3054875,249887.38326700445,3688375.1145181996
126.3136864,33.3054864,249887.47325718863,3688374.990113017
126.3136872,33.3054852,249887.54433491622,3688374.8550962983
126.3136879,33.3054842,249887.6066708084,3688374.7425023853
126.3136888,33.3054831,249887.6873476456,3688374.6183371497
126.3136897,33.305482,249887.76802448728,3688374.494171916
126.3136905,33.3054809,249887.83938797965,3688374.3702466297
126.3136915,33.3054799,249887.92966393352,3688374.25693288
126.3136925,33.3054789,249888.0199398897,3688374.14361913
126.3136933,33.3054779,249888.09158914196,3688374.030785274
126.3136942,33.305477,249888.1728375063,3688373.928802901
126.3136952,33.3054761,249888.2633992245,3688373.8265805817
126.313696,33.3054752,249888.335334238,3688373.724838157
126.3136968,33.3054742,249888.40698349974,3688373.6120043043
126.3136976,33.3054733,249888.47891851893,3688373.5102618807
126.3136982,33.3054723,249888.53194107924,3688373.39790792
126.3136988,33.3054713,249888.58496363854,3688373.28555396
126.3136996,33.3054705,249888.6571844177,3688373.1949029653
126.3137002,33.3054696,249888.7104927351,3688373.0936404364
126.3137007,33.3054686,249888.7542019456,3688372.981526424
126.3137015,33.3054678,249888.82642272877,3688372.8908754312
126.3137021,33.3054668,249888.87944529712,3688372.7785214717
126.3137027,33.3054659,249888.93275361956,3688372.677258945
126.3137033,33.3054649,249888.98577619047,3688372.5649049864
126.313704,33.305464,249889.04839786867,3688372.463402514
126.3137045,33.3054631,249889.0923928438,3688372.3623799314
126.3137051,33.3054621,249889.14541541634,3688372.250025975
126.313706,33.3054613,249889.22694956267,3688372.159135042
126.3137068,33.3054603,249889.29859884773,3688372.0463011977
126.3137076,33.3054594,249889.37053388663,3688371.9445587806
126.3137085,33.3054585,249889.45178228337,3688371.842576421
126.3137094,33.3054575,249889.53274492762,3688371.7295026323
126.3137105,33.3054568,249889.6331915444,3688371.6492232415
126.3137115,33.305456,249889.72403905226,3688371.5580923674
126.3137126,33.3054551,249889.8239141669,3688371.4556301227
126.3137138,33.3054544,249889.9336741431,3688371.3751107897
126.313715,33.3054537,249890.0434341212,3688371.2945914594
126.3137163,33.3054529,249890.1622217019,3688371.202740756
126.3137176,33.3054521,249890.28100928484,3688371.1108900555
126.3137188,33.3054513,249890.39048351548,3688371.0192793007
126.3137201,33.3054505,249890.50927110272,3688370.927428603
126.3137214,33.3054497,249890.62805869227,3688370.8355779075
126.3137226,33.3054491,249890.7381044348,3688370.766150013
126.3137239,33.3054483,249890.85689202836,3688370.6742993207
126.3137251,33.3054475,249890.9663662692,3688370.5826885737
126.3137265,33.3054469,249891.0950387269,3688370.512780797
126.3137277,33.3054461,249891.2045129717,3688370.42117005
126.3137291,33.3054453,249891.3326139314,3688370.329079422
126.3137305,33.3054447,249891.46128639483,3688370.2591716507
126.3137317,33.3054439,249891.57076064582,3688370.167560911
126.3137332,33.3054434,249891.7090322201,3688370.108504628
126.3137347,33.3054429,249891.84730379586,3688370.049448348
126.313736,33.3054423,249891.9666629133,3688369.979780527
126.3137376,33.305442,249892.1148193476,3688369.942667165
126.313739,33.3054416,249892.2440633257,3688369.8949422617
126.3137405,33.3054412,249892.38262065809,3688369.846977417
126.313742,33.305441,249892.52174949532,3688369.8211954334
126.3137435,33.3054405,249892.66002107933,3688369.7621391644
126.313745,33.30544,249892.79829266487,3688369.7030828986
126.3137465,33.3054398,249892.93742150252,3688369.6773009207
126.3137479,33.3054393,249893.06637973487,3688369.6184846
126.3137496,33.3054391,249893.2241352881,3688369.5922227413
126.3137525,33.3054392,249893.49450836258,3688369.596355882
126.313754,33.3054391,249893.6339229522,3688369.5816653394
126.3137556,33.3054388,249893.7820793994,3688369.544552005
126.3137572,33.3054388,249893.93109309464,3688369.540712956
126.3137588,33.3054388,249894.08010679216,3688369.5368739096
126.3137604,33.3054387,249894.22883473852,3688369.5219434374
126.3137619,33.3054386,249894.36824932936,3688369.507252908
126.3137634,33.3054386,249894.5079496689,3688369.5036538085
126.3137651,33.3054387,249894.66656247043,3688369.510666259
126.3137666,33.3054388,249894.80654855768,3688369.5181585914
126.313768,33.3054388,249894.93693554084,3688369.5147994375
126.3137695,33.3054388,249895.07663588205,3688369.511200346
126.3137711,33.3054389,249895.22593532415,3688369.5184527454
126.3137725,33.3054391,249895.35689380183,3688369.5372764524
126.313774,33.3054394,249895.49745138176,3688369.5669516525
126.3137756,33.3054394,249895.64646507744,3688369.56311263
126.3137771,33.3054396,249895.7867369088,3688369.581696406
126.3137787,33.3054397,249895.93603634843,3688369.588948815
126.3137803,33.3054397,249896.0850500434,3688369.585109799
126.3137818,33.3054399,249896.2253218731,3688369.6036935807
126.3137834,33.30544,249896.37462131382,3688369.6109459973
126.3137849,33.30544,249896.51432165006,3688369.607346927
126.3137865,33.3054402,249896.66390683365,3688369.625690777
126.3137879,33.3054406,249896.79543679702,3688369.66669736
126.3137893,33.3054412,249896.92753825034,3688369.7298868005
126.3137907,33.3054417,249897.0593539564,3688369.781984816
126.313792,33.3054423,249897.18214205327,3688369.845414198
126.3137931,33.3054432,249897.287160669,3688369.9425977403
126.3137948,33.305444,249897.447773673,3688370.0272502317
126.3137961,33.3054448,249897.57113325142,3688370.1128624748
126.313797,33.3054457,249897.65752515278,3688370.210525895
126.3137984,33.3054463,249897.78962659254,3688370.2737153475
126.3137997,33.3054469,249897.91241467567,3688370.3371447385
126.3138009,33.3054478,249898.02674663567,3688370.434088351
126.3138018,33.3054487,249898.1131385296,3688370.5317517743
126.3138028,33.3054496,249898.20884377635,3688370.629175262
126.3138039,33.3054506,249898.31414811977,3688370.737450242
126.3138049,33.3054514,249898.40956761612,3688370.823782305
126.3138057,33.3054525,249898.48721763652,3688370.943868523
126.3138063,33.3054537,249898.54652669097,3688371.0755260433
126.3138071,33.3054545,249898.6233194765,3688371.162337979
126.3138082,33.3054555,249898.7286238075,3688371.270612963
126.3138089,33.3054567,249898.79724621074,3688371.4020305485
126.3138101,33.3054575,249898.91129240618,3688371.4878827413
126.3138109,33.3054585,249898.98865666988,3688371.5968775363
126.3138119,33.3054597,249899.08521913027,3688371.7275753156
126.3138123,33.3054609,249899.1259014638,3688371.8597127087
126.3138125,33.3054622,249899.1482428334,3688372.0034214016
126.313813,33.3054632,249899.19766703175,3688372.113136004
126.3138137,33.3054644,249899.26628942377,3688372.2445535925
126.3138144,33.3054657,249899.3351975548,3688372.3870626087
126.3138152,33.3054668,249899.4128475529,3688372.507148833
126.3138157,33.3054679,249899.4625574916,3688372.6279548653
126.3138163,33.3054691,249899.52186652235,3688372.75961239
126.3138169,33.3054702,249899.58088981095,3688372.880178488
126.3138174,33.3054714,249899.63088548667,3688373.012075947
126.3138181,33.3054727,249899.6997936103,3688373.154584965
126.3138186,33.3054739,249899.74978928338,3688373.286482426
126.3138192,33.3054751,249899.80909830696,3688373.4181399527
126.3138196,33.3054764,249899.85006637097,3688373.561368777
126.3138201,33.3054777,249899.900347783,3688373.7043576655
126.3138205,33.3054789,249899.94103010223,3688373.8364950623
126.313821,33.30548,249899.99074002684,3688373.9573010965
126.3138216,33.3054812,249900.05004904396,3688374.088958624
126.313822,33.3054825,249900.09101710265,3688374.2321874485
126.3138224,33.3054836,249900.13141367544,3688374.3532334184
126.3138231,33.3054848,249900.20003603943,3688374.484651011
126.3138236,33.3054862,249900.25060318768,3688374.6387313292
126.3138241,33.3054873,249900.30031310537,3688374.759537365
126.3138248,33.3054884,249900.36864972487,3688374.8798635313
126.3138255,33.3054896,249900.43727208264,3688375.0112811243
126.3138262,33.3054908,249900.50589443877,3688375.142698719
126.3138268,33.305492,249900.56520344556,3688375.2743562497
126.3138277,33.3054929,249900.65159527454,3688375.3720196914
126.3138286,33.3054941,249900.73884432495,3688375.502957419
126.3138294,33.3054953,249900.81678002598,3688375.6341350814
126.3138302,33.3054963,249900.89414424167,3688375.74312989
126.3138312,33.3054974,249900.990420896,3688375.8627362554
126.313832,33.3054986,249901.06835659107,3688375.9939139206
126.3138342,33.3055006,249901.27896510155,3688376.2104639355
126.3138351,33.3055015,249901.3653569155,3688376.3081273823
126.3138361,33.3055025,249901.46134781776,3688376.4166423264
126.3138372,33.3055033,249901.5660805845,3688376.5027344804
126.3138383,33.3055041,249901.67081334942,3688376.588826636
126.3138395,33.3055049,249901.78485946098,3688376.6746788593
126.3138408,33.3055057,249901.90821891883,3688376.760291151
126.3138421,33.3055062,249902.03072115305,3688376.8126291595
126.3138434,33.3055069,249902.15379486655,3688376.887150025
126.3138447,33.3055077,249902.27715431838,3688376.9727623216
126.313846,33.3055082,249902.39965654764,3688377.025100334
126.3138473,33.3055087,249902.5221587778,3688377.0774383484
126.3138486,33.3055092,249902.64466100192,3688377.129776366
126.3138498,33.3055099,249902.7584213584,3688377.204537171
126.3138511,33.3055103,249902.8806378422,3688377.2457837625
126.3138525,33.3055107,249903.01216767507,3688377.2867904208
126.313854,33.3055112,249903.15329659142,3688377.33864858
126.3138554,33.3055115,249903.28454068012,3688377.368563816
126.3138567,33.3055119,249903.4067571592,3688377.4098104136
126.3138581,33.3055124,249903.53857272593,3688377.4619085086
126.3138596,33.3055127,249903.67913015906,3688377.4915838176
126.3138609,33.3055132,249903.801632373,3688377.543921848
126.3138624,33.3055137,249903.94276128057,3688377.5957800155
126.3138639,33.305514,249904.0833187101,3688377.625455331
126.3138653,33.3055144,249904.21484853153,3688377.6664620074
126.3138667,33.3055149,249904.34666408738,3688377.7185601117
126.3138681,33.3055155,249904.47876537938,3688377.781749647
126.3138695,33.305516,249904.610580932,3688377.833847756
126.3138708,33.3055166,249904.73336887333,3688377.897277225
126.3138723,33.3055171,249904.87449776995,3688377.9491354083
126.3138737,33.3055177,249905.00659905735,3688378.0123249497
126.313875,33.3055183,249905.1293869936,3688378.0757544227
126.3138764,33.3055189,249905.26148827508,3688378.1389439683
126.3138776,33.3055197,249905.3755343347,3688378.224796231
126.313879,33.3055203,249905.50763561233,3688378.2879857793
126.3138804,33.3055208,249905.63945115163,3688378.340083902
126.3138817,33.3055215,249905.76252481565,3688378.414604811
126.3138832,33.305522,249905.9036537006,3688378.466463008
126.3138846,33.3055225,249906.03546923504,3688378.518561134
126.3138859,33.305523,249906.1579714215,3688378.570899193
126.3138873,33.3055234,249906.28950121714,3688378.611905895
126.3138888,33.3055238,249906.43034435788,3688378.652672672
126.3138902,33.3055242,249906.56187415335,3688378.6936793774
126.3138916,33.3055246,249906.69340394516,3688378.7346860864
126.3138931,33.3055249,249906.83396134677,3688378.764361438
126.3138946,33.3055253,249906.9748044824,3688378.805128222
126.313896,33.3055256,249907.10604853567,3688378.835043508
126.3138975,33.3055259,249907.24660593644,3688378.8647188656
126.3138989,33.3055264,249907.37842145693,3688378.916817012
126.3139004,33.3055266,249907.51869311868,3688378.935400947
126.3139018,33.305527,249907.65022290216,3688378.976407666
126.3139034,33.3055273,249907.8000936446,3688379.005843106
126.3139048,33.3055274,249907.93076622378,3688379.0135755483
126.3139064,33.3055276,249908.08035122821,3688379.0319195623
126.3139079,33.3055279,249908.22090862202,3688379.0615949356
126.3139093,33.305528,249908.3515811996,3688379.069327382
126.313911,33.3055282,249908.51047954775,3688379.087431476
126.3139125,33.3055284,249908.6507512034,3688379.106015428
126.313914,33.3055288,249908.7915943267,3688379.1467822357
126.3139155,33.305529,249908.93186598067,3688379.165366192
126.3139168,33.3055295,249909.0543681407,3688379.2177042835
126.3139181,33.3055297,249909.17601310156,3688379.236768097
126.3139193,33.30553,249909.28863044866,3688379.267163264
126.3139206,33.3055303,249909.41056114057,3688379.297318506
126.3139218,33.3055306,249909.52317848604,3688379.3277136763
126.313923,33.3055308,249909.63551009863,3688379.3470174195
126.3139243,33.3055311,249909.75744078806,3688379.3771726666
126.3139254,33.3055315,249909.86103051758,3688379.418899193
126.3139266,33.3055316,249909.97307639656,3688379.4271115125
126.3139278,33.3055316,249910.0848365436,3688379.424232405
126.3139289,33.3055319,249910.18814053942,3688379.4548675083
126.31393,33.3055319,249910.29058734069,3688379.4522283287
126.3139311,33.305532,249910.3933198731,3688379.460680579
126.3139322,33.3055323,249910.49662386745,3688379.4913156857
126.3139332,33.3055322,249910.58947159178,3688379.477825007
126.3139342,33.3055324,249910.6831765089,3688379.497608611
126.3139352,33.3055324,249910.77630996413,3688379.4952093614
126.313936,33.3055324,249910.85081672634,3688379.493289963
126.3139371,33.3055326,249910.95383498794,3688379.512833646
126.3139379,33.3055325,249911.0280560218,3688379.499822821
126.3139387,33.3055325,249911.1025627839,3688379.4979034243
126.3139397,33.3055326,249911.19598197148,3688379.506595607
126.3139405,33.3055326,249911.27048873345,3688379.5046762116
126.3139413,33.3055325,249911.34470976758,3688379.4916653885
126.3139422,33.3055326,249911.4288156049,3688379.500597498
126.3139431,33.3055325,249911.51234998443,3688379.487346752
126.313944,33.3055324,249911.59588436413,3688379.474096007
126.3139449,33.3055324,249911.67970447382,3688379.471936691
126.3139458,33.3055324,249911.76352458107,3688379.469777375
126.3139468,33.3055323,249911.85637230639,3688379.45628671
126.3139477,33.3055322,249911.93990668657,3688379.4430359686
126.3139488,33.3055322,249912.04235348682,3688379.4403968076
126.3139498,33.3055321,249912.1352012126,3688379.426906144
126.3139508,33.3055319,249912.22776320938,3688379.4023240525
126.313952,33.3055318,249912.3392376262,3688379.388353543
126.313953,33.3055316,249912.43179962138,3688379.3637714554
126.3139542,33.3055315,249912.5432740411,3688379.3498009495
126.3139552,33.3055312,249912.63555030833,3688379.3141274354
126.3139563,33.3055309,249912.737139924,3688379.2782139997
126.3139586,33.3055303,249912.94963250513,3688379.2061472074
126.3139596,33.3055301,249913.04219450313,3688379.1815651245
126.3139608,33.3055297,249913.15281173875,3688379.1343203434
126.313962,33.3055293,249913.26342897545,3688379.087075562
126.3139633,33.305529,249913.38364528643,3688379.0506822886
126.3139646,33.3055285,249913.50329014537,3688378.99210616
126.3139659,33.3055281,249913.6232207283,3688378.944621461
126.3139672,33.3055275,249913.74257986015,3688378.87495391
126.3139696,33.3055253,249913.95981416648,3688378.625184379
126.3139709,33.3055248,249914.0794590338,3688378.5666082585
126.3139722,33.3055242,249914.19881817332,3688378.4969407134
126.3139734,33.3055235,249914.30857824173,3688378.4164216626
126.3139746,33.3055228,249914.41833831198,3688378.3359026136
126.3139759,33.3055222,249914.53769745657,3688378.2662350712
126.3139771,33.3055215,249914.6474575302,3688378.1857160255
126.3139783,33.3055208,249914.75721760574,3688378.1051969803
126.3139794,33.30552,249914.85737861064,3688378.013826431
126.3139806,33.3055193,249914.96713868977,3688377.9333073883
126.3139817,33.3055186,249915.0675854241,3688377.8530282676
126.3139828,33.3055179,249915.16803216003,3688377.7727491483
126.3139838,33.305517,249915.25859409993,3688377.6705270964
126.3139848,33.3055162,249915.3494417648,3688377.5793964723
126.3139859,33.3055154,249915.44960278302,3688377.4880259284
126.3139868,33.3055145,249915.53085137924,3688377.3860437996
126.3139879,33.3055138,249915.63129812386,3688377.3057646854
126.3139888,33.3055129,249915.71254672602,3688377.203782557
126.3139898,33.3055122,249915.80368012673,3688377.1237433674
126.3139911,33.3055117,249915.9233250203,3688377.0651672697
126.3139921,33.3055111,249916.01474414617,3688376.996219509
126.3139931,33.3055103,249916.10559182925,3688376.9050888927
126.3139942,33.3055097,249916.2063243054,3688376.8359012115
126.3139951,33.3055092,249916.28871581444,3688376.7782848007
126.3139961,33.3055085,249916.37984922386,3688376.6982456148
126.3139973,33.305508,249916.49018077806,3688376.6399094462
126.3139982,33.3055072,249916.5717151187,3688376.5490187528
126.3139991,33.3055065,249916.65353518474,3688376.4692194904
126.3140001,33.3055058,249916.74466859765,3688376.3891803073
126.3140011,33.3055051,249916.83580201448,3688376.309141126
126.3140019,33.3055044,249916.90830873657,3688376.229581783
126.3140028,33.3055037,249916.9901288081,3688376.1497825235
126.3140037,33.305503,249917.07194887855,3688376.0699832635
126.3140045,33.3055022,249917.14416988142,3688375.979332495
126.3140053,33.3055015,249917.2166766086,3688375.899773155
126.3140062,33.3055008,249917.2984966831,3688375.8199738967
126.314007,33.3055,249917.37071769,3688375.729323132
126.3140079,33.3054992,249917.45225204693,3688375.6384324483
126.3140088,33.3054986,249917.53435785056,3688375.569724621
126.3140096,33.3054979,249917.60686458417,3688375.490165283
126.3140107,33.3054972,249917.70731136305,3688375.4098861925
126.3140116,33.3054965,249917.78913144817,3688375.33008694
126.3140125,33.3054958,249917.87095153463,3688375.250287688
126.3140135,33.3054952,249917.96237069363,3688375.181339946
126.3140144,33.3054945,249918.0441907828,3688375.101540696
126.3140153,33.3054938,249918.12601087097,3688375.0217414456
126.3140164,33.3054933,249918.2270291049,3688374.9636452165
126.3140174,33.3054925,249918.31787682566,3688374.8725146237
126.3140184,33.3054919,249918.40929599127,3688374.803566886
126.3140196,33.3054913,249918.51934185706,3688374.734139316
126.3140205,33.3054906,249918.60116195455,3688374.6543400697
126.3140215,33.3054899,249918.69229540057,3688374.5743009076
126.3140225,33.3054893,249918.7837145716,3688374.505353174
126.3140235,33.3054887,249918.87513374386,3688374.4364054427
126.3140245,33.305488,249918.96626719658,3688374.356366284
126.3140255,33.3054872,249919.05711492998,3688374.265235699
126.3140264,33.3054865,249919.13893503585,3688374.1854364583
126.3140275,33.3054859,249919.23966756117,3688374.116248814
126.3140285,33.3054852,249919.33080102224,3688374.0362096583
126.3140295,33.3054845,249919.42193448008,3688373.9561705044
126.3140303,33.3054838,249919.49444124146,3688373.876611184
126.3140314,33.3054831,249919.59488805474,3688373.796332115
126.3140323,33.3054824,249919.67670816663,3688373.7165328804
126.3140333,33.3054816,249919.7675559151,3688373.6254023025
126.3140342,33.3054809,249919.84937602992,3688373.545603069
126.3140352,33.3054803,249919.94079521863,3688373.476655347
126.3140361,33.3054796,249920.0226153385,3688373.3968561147
126.314037,33.3054789,249920.10443545738,3688373.3170568845
126.314038,33.3054783,249920.19585465014,3688373.248109165
126.314039,33.3054777,249920.28727384406,3688373.1791614476
126.3140399,33.3054769,249920.36880825012,3688373.0882707923
126.3140418,33.3054756,249920.5420475748,3688372.939523849
126.3140428,33.3054749,249920.63318105286,3688372.8594847075
126.3140437,33.3054743,249920.71528690244,3688372.79077691
126.3140448,33.3054736,249920.81573373696,3688372.7104978557
126.3140456,33.305473,249920.88852623772,3688372.6420299737
126.3140465,33.3054723,249920.97034637246,3688372.5622307505
126.3140474,33.3054716,249921.05216650854,3688372.4824315277
126.3140484,33.3054709,249921.14329999508,3688372.402392393
126.3140495,33.3054704,249921.24431827336,3688372.344296197
126.3140505,33.3054696,249921.33516604715,3688372.2531656367
126.3140515,33.305469,249921.4265852584,3688372.1842179312
126.3140523,33.3054683,249921.49909204725,3688372.1046586265
126.3140533,33.3054676,249921.59022554345,3688372.0246194955
126.3140542,33.3054668,249921.6717599716,3688371.9337288504
126.3140552,33.3054662,249921.76317918824,3688371.8647811483
126.3140561,33.3054656,249921.84528505406,3688371.7960733613
126.3140571,33.3054649,249921.9364185536,3688371.716034233
126.314058,33.3054642,249922.0182387048,3688371.6362350206
126.3140591,33.3054635,249922.1186855619,3688371.555955981
126.3140601,33.3054628,249922.20981906826,3688371.4759168564
126.3140612,33.3054624,249922.31112307898,3688371.428912102
126.3140621,33.3054617,249922.39294323564,3688371.3491128916
126.3140632,33.3054611,249922.4936758152,3688371.279925283
126.3140643,33.3054606,249922.59469411275,3688371.221829103
126.3140653,33.3054599,249922.6858276237,3688371.1417899835
126.3140664,33.3054594,249922.7868459236,3688371.0836938056
126.3140674,33.3054587,249922.87797943983,3688371.0036546877
126.3140685,33.3054582,249922.97899774235,3688370.9455585126
126.3140695,33.3054577,249923.07070269322,3688370.8877022504
126.3140706,33.3054571,249923.1714352821,3688370.8185146507
126.3140717,33.3054566,249923.27245358817,3688370.760418478
126.3140728,33.305456,249923.37318617982,3688370.6912308796
126.3140739,33.3054556,249923.47449020366,3688370.6442261375
126.3140749,33.305455,249923.56590944243,3688370.575278453
126.3140759,33.3054545,249923.6576144023,3688370.5174221983
126.3140769,33.305454,249923.74931935853,3688370.459565942
126.314078,33.3054534,249923.85005195648,3688370.3903783504
126.314079,33.3054528,249923.94147120253,3688370.32143067
126.3140801,33.3054523,249924.04248951795,3688370.263334507
126.314081,33.3054517,249924.1245954131,3688370.1946267397
126.3140822,33.3054511,249924.23464136987,3688370.1251992416
126.314083,33.3054505,249924.30743391157,3688370.056731387
126.3140841,33.3054499,249924.4081665175,3688369.987543801
126.3140851,33.3054493,249924.49958577118,3688369.918596126
126.3140861,33.3054487,249924.5910050261,3688369.8496484533
126.3140871,33.305448,249924.68213856837,3688369.7696093535
126.3140881,33.3054474,249924.77355782597,3688369.700661682
126.314089,33.3054467,249924.85537801485,3688369.6208624956
126.3140902,33.3054461,249924.96542398303,3688369.5514350035
126.3140912,33.3054455,249925.05684324462,3688369.4824873367
126.3140923,33.3054449,249925.15757586164,3688369.413299759
126.3140933,33.3054442,249925.24870941258,3688369.3332606647
126.3140944,33.3054436,249925.34944203246,3688369.264073089
126.3140955,33.305443,249925.45017465373,3688369.1948855147
126.3140967,33.3054424,249925.5602206308,3688369.1254580314
126.3140978,33.3054418,249925.66095325493,3688369.056270459
126.314099,33.3054413,249925.7712849475,3688368.9979344043
126.3141001,33.3054408,249925.8723032869,3688368.9398382623
126.3141013,33.3054402,249925.98234926965,3688368.870410784
126.3141024,33.3054397,249926.08336761146,3688368.8123146426
126.3141036,33.3054392,249926.19369930914,3688368.7539785956
126.3141047,33.3054386,249926.29443194132,3688368.6847910294
126.314106,33.305438,249926.41379128458,3688368.615123647
126.3141072,33.3054375,249926.5241229863,3688368.5567876007
126.3141083,33.305437,249926.62514133434,3688368.498691468
126.3141096,33.3054365,249926.74478639345,3688368.4401155156
126.3141108,33.305436,249926.85511809893,3688368.381779476
126.314112,33.3054355,249926.96544980563,3688368.323443435
126.3141133,33.3054351,249927.0853805798,3688368.2759589157
126.3141144,33.3054346,249927.18639893382,3688368.2178627886
126.3141156,33.3054342,249927.29701635498,3688368.1706181793
126.3141168,33.3054338,249927.40763377718,3688368.123373572
126.3141181,33.3054333,249927.527278845,3688368.0647976296
126.3141194,33.3054329,249927.64720962464,3688368.017313117
126.3141206,33.3054325,249927.75782704997,3688367.9700685153
126.3141218,33.3054321,249927.86844447625,3688367.9228239125
126.314123,33.3054316,249927.9787761936,3688367.8644878855
126.3141242,33.3054312,249928.0893936221,3688367.8172432873
126.3141255,33.3054308,249928.20932440695,3688367.769758782
126.3141279,33.3054301,249928.43084497837,3688367.6863610167
126.3141291,33.3054297,249928.54146241065,3688367.6391164227
126.3141303,33.3054294,249928.65236555316,3688367.602963258
126.3141316,33.305429,249928.77229634297,3688367.5554787596
126.3141329,33.3054287,249928.89251284522,3688367.51908569
126.3141342,33.3054284,249929.0127293458,3688367.4826926216
126.3141354,33.305428,249929.1233467828,3688367.4354480356
126.3141367,33.3054278,249929.24384899365,3688367.410146397
126.3141379,33.3054275,249929.35475214073,3688367.37399324
126.3141392,33.3054272,249929.4749686444,3688367.3376001767
126.3141404,33.3054269,249929.58587179307,3688367.301447023
126.3141418,33.3054266,249929.71540165425,3688367.2648140583
126.314143,33.3054263,249929.82630480433,3688367.2286609057
126.3141441,33.305426,249929.92789459912,3688367.1927476623
126.3141454,33.3054258,249930.04839681435,3688367.1674460345
126.3141466,33.3054256,249930.15958567391,3688367.1423843135
126.3141478,33.3054253,249930.27048882667,3688367.106231166
126.3141492,33.3054251,249930.4003043995,3688367.080689637
126.3141504,33.3054248,249930.51120755362,3688367.0445364933
126.3141516,33.3054246,249930.62239641542,3688367.0194747793
126.3141529,33.3054245,249930.74318434048,3688367.005264587
126.3141541,33.3054243,249930.85437320315,3688366.980202874
126.3141553,33.305424,249930.96527635976,3688366.9440497356
126.3141566,33.3054239,249931.08606428828,3688366.929839547
126.3141578,33.3054236,249931.1969674461,3688366.8936864105
126.314159,33.3054234,249931.30815631073,3688366.868624705
126.3141602,33.3054233,249931.41963088184,3688366.8546544253
126.3141614,33.3054231,249931.53081974725,3688366.8295927206
126.3141627,33.305423,249931.65160767504,3688366.8153825393
126.3141639,33.3054228,249931.76279654138,3688366.7903208383
126.3141651,33.3054225,249931.87369970273,3688366.75416771
126.3141662,33.3054223,249931.97557521367,3688366.729345913
126.3141675,33.3054221,249932.0960774379,3688366.704044313
126.3141688,33.3054218,249932.21629395746,3688366.6676512854
126.3141699,33.3054215,249932.31788376512,3688366.6317380676
126.3141712,33.3054212,249932.4381002862,3688366.5953450426
126.3141724,33.3054209,249932.5490034517,3688366.5591919245
126.3141735,33.3054206,249932.65059326147,3688366.5232787067
126.3141746,33.3054205,249932.75275448058,3688366.509548347
126.3141758,33.3054201,249932.86337194376,3688366.462303805
126.314177,33.3054198,249932.974275112,3688366.4261506917
126.3141782,33.3054195,249933.08517828095,3688366.389997578
126.3141794,33.3054193,249933.19636715442,3688366.3649358917
126.3141806,33.3054192,249933.30784173222,3688366.3509656354
126.3141818,33.305419,249933.41903060654,3688366.325903953
126.314183,33.3054188,249933.53021948138,3688366.3008422717
126.3141841,33.3054186,249933.63209500007,3688366.276020494
126.3141853,33.3054184,249933.74328387575,3688366.250958815
126.3141865,33.3054183,249933.85475845516,3688366.236988564
126.3141877,33.3054182,249933.96623303462,3688366.2230183138
126.3141889,33.3054181,249934.0777076144,3688366.2090480668
126.3141901,33.3054179,249934.1888964917,3688366.1839863937
126.3141912,33.3054178,249934.29105771522,3688366.1702560503
126.3141924,33.3054177,249934.40253229576,3688366.1562858047
126.3141935,33.3054175,249934.5044078174,3688366.131464036
126.3141947,33.3054174,249934.61588239842,3688366.1174937948
126.3141958,33.3054174,249934.7183293227,3688366.114854882
126.314197,33.3054173,249934.82980390402,3688366.1008846425
126.3141982,33.3054172,249934.941278488,3688366.0869144043
126.3141994,33.3054172,249935.05303877153,3688366.084035594
126.3142006,33.3054171,249935.16451335337,3688366.070065358
126.3142017,33.3054171,249935.26696028016,3688366.0674264515
126.3142029,33.305417,249935.37843486224,3688366.053456218
126.314204,33.3054171,249935.4811674903,3688366.06190874
126.3142052,33.305417,249935.5926420726,3688366.0479385094
126.3142064,33.305417,249935.70440235612,3688366.0450597066
126.3142075,33.3054169,249935.80656357956,3688366.031329378
126.3142086,33.305417,249935.9092962071,3688366.039781905
126.3142098,33.305417,249936.02105649048,3688366.036903106
126.314211,33.3054169,249936.13253107326,3688366.022932881
126.3142122,33.3054171,249936.2448627598,3688366.042236938
126.3142134,33.3054171,249936.35662304293,3688366.039358143
126.3142146,33.3054171,249936.46838332602,3688366.0364793492
126.3142158,33.3054171,249936.58014360903,3688366.0336005567
126.3142169,33.3054172,249936.68287623514,3688366.0420530913
126.314218,33.3054171,249936.7850374592,3688366.0283227735
126.3142192,33.3054171,249936.89679774208,3688366.0254439847
126.3142204,33.3054172,249937.00884372438,3688366.0336566237
126.3142217,33.3054171,249937.12963166682,3688366.0194465118
126.3142228,33.3054171,249937.23207859052,3688366.0168076255
126.3142239,33.3054171,249937.33452551655,3688366.0141687403
126.3142251,33.3054171,249937.44628579923,3688366.0112899574
126.3142262,33.3054171,249937.54873272518,3688366.0086510745
126.3142274,33.3054171,249937.66049300777,3688366.0057722945
126.3142286,33.305417,249937.77196759405,3688365.991802089
126.3142298,33.3054171,249937.8840135752,3688366.0000147377
126.314231,33.3054171,249937.99577385772,3688365.9971359614
126.314232,33.305417,249938.0886217261,3688365.983645556
126.3142333,33.305417,249938.2096953653,3688365.980526884
126.3142345,33.3054169,249938.3211699498,3688365.9665566846
126.3142357,33.3054169,249938.43293023237,3688365.9636779134
126.314237,33.3054169,249938.55400387393,3688365.9605592457
126.3142381,33.3054168,249938.6561650998,3688365.9468289493
126.3142393,33.3054168,249938.7679253823,3688365.9439501823
126.3142405,33.3054168,249938.87968566487,3688365.9410714163
126.3142417,33.3054167,249938.9911602501,3688365.927101225
126.3142429,33.3054167,249939.10292053266,3688365.9242224614
126.3142441,33.3054166,249939.21439511815,3688365.9102522726
126.3142453,33.3054166,249939.32615540075,3688365.907373511
126.3142466,33.3054166,249939.4472290423,3688365.904254855
126.3142478,33.3054166,249939.55898932484,3688365.901376097
126.314249,33.3054164,249939.6701782145,3688365.8763144873
126.3142502,33.3054164,249939.78193849712,3688365.8734357315
126.3142514,33.3054164,249939.89369877975,3688365.870556977
126.3142526,33.3054163,249940.00517336628,3688365.856586798
126.3142538,33.3054162,249940.11664795308,3688365.84261662
126.3142549,33.3054161,249940.21880918098,3688365.82888634
126.3142561,33.305416,249940.33028376813,3688365.814916163
126.3142573,33.3054159,249940.44175835548,3688365.8009459893
126.3142584,33.305416,249940.54449097952,3688365.809398564
126.3142596,33.3054159,249940.65596556707,3688365.7954283925
126.3142609,33.3054158,249940.77675350916,3688365.781218326
126.3142622,33.3054157,249940.89754145627,3688365.7670082613
126.3142633,33.3054156,249940.99970268537,3688365.7532779896
126.3142647,33.3054155,249941.12980398958,3688365.738828033
126.314266,33.3054155,249941.25087762953,3688365.7357093995
126.3142672,33.3054155,249941.36263791274,3688365.7328306623
126.3142685,33.3054153,249941.48314016397,3688365.707529179
126.3142697,33.3054152,249941.59461475312,3688365.6935590175
126.3142709,33.3054152,249941.7063750366,3688365.6906802845
126.3142721,33.3054153,249941.81842101394,3688365.698892979
126.3142733,33.3054157,249941.9313240725,3688365.740379953
126.3142745,33.305416,249942.04394143622,3688365.7707755025
126.3142757,33.3054163,249942.1565587992,3688365.801171053
126.3142768,33.3054168,249942.26043419173,3688365.8539893515
126.314278,33.3054172,249942.37333724622,3688365.895476331
126.3142792,33.3054174,249942.48566891317,3688365.914780459
126.3142804,33.3054176,249942.59800057966,3688365.9340845887
126.3142815,33.3054179,249942.70130458212,3688365.9647200387
126.3142826,33.3054182,249942.8046085838,3688365.995355489
126.3142839,33.3054184,249942.92625360473,3688366.01441973
126.314285,33.3054187,249943.02955760507,3688366.0450551836
126.3142862,33.3054189,249943.1418892684,3688366.0643593194
126.3142874,33.3054192,249943.25450662352,3688366.0947548826
126.3142886,33.3054194,249943.36683828567,3688366.114059019
126.3142896,33.30542,249943.46168600323,3688366.1782086496
126.3142908,33.3054204,249943.57458904787,3688366.2196956426
126.3142919,33.3054207,249943.67789304335,3688366.250331103
126.314293,33.3054211,249943.78148272994,3688366.2920579906
126.3142941,33.3054215,249943.88507241552,3688366.33378488
126.3142953,33.3054219,249943.99797545615,3688366.375271877
126.3142964,33.3054223,249944.10156513978,3688366.4169987664
126.3142975,33.3054227,249944.20515482008,3688366.4587256596
126.3142988,33.3054232,249944.32765690706,3688366.511064195
126.3143,33.3054237,249944.4408456343,3688366.563642624
126.3143012,33.3054241,249944.5537486695,3688366.6051296284
126.3143024,33.3054247,249944.66722308518,3688366.668799486
126.3143036,33.3054252,249944.78041180858,3688366.7213779176
126.3143048,33.3054257,249944.89360053066,3688366.773956352
126.314306,33.3054262,249945.00678925158,3688366.826534786
126.3143072,33.3054268,249945.12026366137,3688366.8902046485
126.3143085,33.3054274,249945.243051425,3688366.953634621
126.3143098,33.3054279,249945.36555349687,3688367.005973168
126.314311,33.3054287,249945.47959928185,3688367.091825887
126.3143124,33.3054293,249945.61170039544,3688367.155015974
126.3143138,33.30543,249945.74408719692,3688367.2292974885
126.3143152,33.3054305,249945.8759026172,3688367.2813961506
126.3143167,33.305431,249946.01703139328,3688367.333254925
126.314318,33.3054316,249946.1398191448,3688367.396684908
126.3143194,33.3054322,249946.2719202495,3688367.4598750025
126.3143209,33.3054327,249946.41304901816,3688367.5117337825
126.3143224,33.3054332,249946.55417778512,3688367.5635925657
126.3143239,33.3054337,249946.69530655287,3688367.6154513494
126.3143254,33.3054341,249946.83614962816,3688367.6562187085
126.314327,33.3054347,249946.9868774355,3688367.7189290333
126.3143284,33.3054351,249947.11840715093,3688367.7599362866
126.31433,33.3054356,249947.26884926666,3688367.8115551905
126.3143317,33.3054359,249947.428033357,3688367.840751354
126.3143333,33.3054363,249947.57818978184,3688367.881278834
126.3143349,33.3054367,249947.72834620287,3688367.9218063178
126.3143365,33.3054371,249947.87850262242,3688367.9623338035
126.3143381,33.3054374,249948.02837335598,3688367.991769866
126.3143397,33.3054377,249948.1782440859,3688368.0212059296
126.3143413,33.3054379,249948.32782912807,3688368.0395505703
126.3143428,33.3054383,249948.4686721909,3688368.0803179527
126.3143443,33.3054385,249948.60894387725,3688368.0989024853
126.3143459,33.3054387,249948.75852891922,3688368.1172471326
126.3143472,33.305439,249948.8804595822,3688368.1474028705
126.3143487,33.3054391,249949.02044558027,3688368.154895982
126.3143501,33.3054392,249949.151118224,3688368.1626289855
126.3143514,33.3054394,249949.27276319914,3688368.1816933015
126.3143528,33.3054396,249949.40372152755,3688368.200517733
126.3143542,33.3054396,249949.53410848454,3688368.197159314
126.3143556,33.3054398,249949.66506681428,3688368.215983749
126.3143569,33.3054402,249949.78728315744,3688368.257230924
126.3143581,33.3054406,249949.90018614556,3688368.298717987
126.3143592,33.3054409,249950.0034900941,3688368.3293535113
126.3143607,33.3054412,249950.14404745665,3688368.3590294914
126.3143627,33.3054416,249950.33145727354,3688368.3985974696
126.3143641,33.3054419,249950.46270128014,3688368.42851334
126.3143657,33.3054422,249950.61257199297,3688368.457949442
126.3143672,33.3054424,249950.7528436695,3688368.476534004
126.3143686,33.3054425,249950.88351630318,3688368.484267029
126.3143704,33.3054425,249951.05115667172,3688368.479949087
126.3143719,33.3054426,249951.1911426607,3688368.48744223
126.3143736,33.3054425,249951.349183992,3688368.472272753
126.3143753,33.3054424,249951.50722532117,3688368.457103278
126.3143768,33.3054424,249951.64692562888,3688368.453505002
126.3143785,33.3054422,249951.80468127562,3688368.427244107
126.31438,33.3054418,249951.9432388506,3688368.379280131
126.3143816,33.3054414,249952.09110978275,3688368.331076272
126.3143832,33.305441,249952.2389807138,3688368.2828724175
126.3143847,33.3054405,249952.37725261034,3688368.223817021
126.3143861,33.3054398,249952.5056397907,3688368.142818662
126.3143876,33.3054391,249952.64334032938,3688368.0615804167
126.314389,33.3054384,249952.77172751396,3688367.9805820617
126.3143903,33.3054376,249952.89051566515,3688367.888732164
126.3143916,33.3054367,249953.00901813706,3688367.7857908425
126.3143928,33.3054358,249953.1182072573,3688367.683089406
126.3143941,33.3054348,249953.23642405315,3688367.5690566627
126.3143953,33.3054338,249953.34532749734,3688367.455263803
126.3143965,33.3054329,249953.45451662492,3688367.3525623693
126.3143979,33.305432,249953.58233246402,3688367.249381174
126.314399,33.3054311,249953.68220824175,3688367.146919627
126.3144003,33.3054303,249953.80099641156,3688367.055069742
126.3144015,33.3054293,249953.90989986822,3688366.94127689
126.3144025,33.3054284,249954.0004622978,3688366.8390552304
126.3144035,33.3054276,249954.09131040928,3688366.7479249975
126.3144043,33.305427,249954.1641031722,3688366.6794573823
126.3144048,33.3054266,249954.20952722803,3688366.633892267
126.3144051,33.3054264,249954.2368959337,3688366.610989768
126.3144053,33.3054263,249954.2552369665,3688366.599418576
126.3144054,33.3054262,249954.26426464188,3688366.588087268
126.3144054,33.3054262,249954.26426464188,3688366.588087268
126.3144054,33.3054262,249954.26426464188,3688366.588087268
126.3144054,33.3054262,249954.26426464188,3688366.588087268
126.3144054,33.3054262,249954.26426464188,3688366.588087268
126.3144055,33.3054262,249954.2735779971,3688366.587847386
126.3144054,33.3054262,249954.26426464188,3688366.588087268
126.3144054,33.3054262,249954.26426464188,3688366.588087268
126.3144055,33.3054261,249954.2732923172,3688366.5767559595
126.3144055,33.3054262,249954.2735779971,3688366.587847386
126.3144054,33.3054262,249954.26426464188,3688366.588087268
126.3144054,33.3054262,249954.26426464188,3688366.588087268
126.3144054,33.3054262,249954.26426464188,3688366.588087268
126.3144054,33.3054261,249954.26397896203,3688366.576995842
126.3144054,33.3054262,249954.26426464188,3688366.588087268
126.3144054,33.3054262,249954.26426464188,3688366.588087268
126.3144054,33.3054262,249954.26426464188,3688366.588087268
126.3144054,33.3054262,249954.26426464188,3688366.588087268
126.3144054,33.3054262,249954.26426464188,3688366.588087268
126.3144054,33.3054262,249954.26426464188,3688366.588087268
126.3144054,33.3054262,249954.26426464188,3688366.588087268
126.3144054,33.3054262,249954.26426464188,3688366.588087268
126.3144054,33.3054262,249954.26426464188,3688366.588087268
126.3144054,33.3054262,249954.26426464188,3688366.588087268
126.3144054,33.3054262,249954.26426464188,3688366.588087268
126.3144053,33.3054262,249954.2549512867,3688366.588327151
126.3144053,33.3054261,249954.25466560686,3688366.577235725
126.3144053,33.3054262,249954.2549512867,3688366.588327151
126.3144054,33.3054262,249954.26426464188,3688366.588087268
126.3144054,33.3054261,249954.26397896203,3688366.576995842
126.3144054,33.3054261,249954.26397896203,3688366.576995842
126.3144054,33.3054261,249954.26397896203,3688366.576995842
126.3144053,33.3054261,249954.25466560686,3688366.577235725
126.3144054,33.3054262,249954.26426464188,3688366.588087268
126.3144054,33.3054261,249954.26397896203,3688366.576995842
126.3144054,33.3054261,249954.26397896203,3688366.576995842
126.3144054,33.3054261,249954.26397896203,3688366.576995842
126.3144054,33.3054261,249954.26397896203,3688366.576995842
126.3144054,33.3054262,249954.26426464188,3688366.588087268
126.3144054,33.3054261,249954.26397896203,3688366.576995842
126.3144054,33.3054262,249954.26426464188,3688366.588087268
126.3144054,33.3054262,249954.26426464188,3688366.588087268
126.3144054,33.3054262,249954.26426464188,3688366.588087268
126.3144054,33.3054262,249954.26426464188,3688366.588087268
126.3144054,33.3054262,249954.26426464188,3688366.588087268
126.3144054,33.3054262,249954.26426464188,3688366.588087268
126.3144054,33.3054262,249954.26426464188,3688366.588087268
